source_url,expected_final_url,final_url,final_status,redirect_hops,robots,canonical,x_robots_tag,sitemap_member,permanent_redirects_only,loop_free,pass
https://www.portable-food-bank.com/temporary-workforce-housing-facilities/,https://portable-food-bank.com/man-camps-for-rent/,https://portable-food-bank.com/man-camps-for-rent/,200,1,"index,follow",https://portable-food-bank.com/man-camps-for-rent/,,True,True,True,True
https://www.portable-food-bank.com/remote-workforce-house-company-in-alabama/,https://portable-food-bank.com/man-camps-for-rent/,https://portable-food-bank.com/man-camps-for-rent/,200,1,"index,follow",https://portable-food-bank.com/man-camps-for-rent/,,True,True,True,True
https://www.portable-food-bank.com/remote-workforce-housing-rentals-in-arizona/,https://portable-food-bank.com/man-camps-for-rent/,https://portable-food-bank.com/man-camps-for-rent/,200,1,"index,follow",https://portable-food-bank.com/man-camps-for-rent/,,True,True,True,True
https://www.portable-food-bank.com/remote-workforce-housing-services-in-alaska/,https://portable-food-bank.com/man-camps-for-rent/,https://portable-food-bank.com/man-camps-for-rent/,200,1,"index,follow",https://portable-food-bank.com/man-camps-for-rent/,,True,True,True,True
https://portable-food-bank.com/temporary-workforce-housing-facilities/,https://portable-food-bank.com/man-camps-for-rent/,https://portable-food-bank.com/man-camps-for-rent/,200,1,"index,follow",https://portable-food-bank.com/man-camps-for-rent/,,True,True,True,True
https://portable-food-bank.com/remote-workforce-house-company-in-alabama/,https://portable-food-bank.com/man-camps-for-rent/,https://portable-food-bank.com/man-camps-for-rent/,200,1,"index,follow",https://portable-food-bank.com/man-camps-for-rent/,,True,True,True,True
https://portable-food-bank.com/remote-workforce-housing-rentals-in-arizona/,https://portable-food-bank.com/man-camps-for-rent/,https://portable-food-bank.com/man-camps-for-rent/,200,1,"index,follow",https://portable-food-bank.com/man-camps-for-rent/,,True,True,True,True
https://www.portable-food-bank.com/equipment-rental/sleeper-trailers/,https://portable-food-bank.com/equipment-rental/mobile-sleep-trailers/,https://portable-food-bank.com/equipment-rental/mobile-sleep-trailers/,200,1,"index,follow",https://portable-food-bank.com/equipment-rental/mobile-sleep-trailers/,,True,True,True,True
https://www.portable-food-bank.com/equipment-rental/breakroom-trailer/,https://portable-food-bank.com/equipment-rental/breakroom-trailer/,https://portable-food-bank.com/equipment-rental/breakroom-trailer/,200,1,"index,follow",https://portable-food-bank.com/equipment-rental/breakroom-trailer/,,True,True,True,True
https://www.portable-food-bank.com/equipment-rental/command-center-trailers/,https://portable-food-bank.com/equipment-rental/modular-command-center-trailers/,https://portable-food-bank.com/equipment-rental/modular-command-center-trailers/,200,1,"index,follow",https://portable-food-bank.com/equipment-rental/modular-command-center-trailers/,,True,True,True,True
https://www.portable-food-bank.com/equipment-rental/decontamination-trailers/,https://portable-food-bank.com/equipment-rental/,https://portable-food-bank.com/equipment-rental/,200,1,"index,follow",https://portable-food-bank.com/equipment-rental/,,True,True,True,True
https://www.portable-food-bank.com/equipment-rental/mobile-office-trailers/,https://portable-food-bank.com/equipment-rental/mobile-office-trailers/,https://portable-food-bank.com/equipment-rental/mobile-office-trailers/,200,1,"index,follow",https://portable-food-bank.com/equipment-rental/mobile-office-trailers/,,True,True,True,True
https://www.portable-food-bank.com/equipment-rental/multi-trailer/,https://portable-food-bank.com/equipment-rental/,https://portable-food-bank.com/equipment-rental/,200,1,"index,follow",https://portable-food-bank.com/equipment-rental/,,True,True,True,True
https://www.portable-food-bank.com/equipment-rental/restroom-trailers/,https://portable-food-bank.com/equipment-rental/restroom-trailers/,https://portable-food-bank.com/equipment-rental/restroom-trailers/,200,1,"index,follow",https://portable-food-bank.com/equipment-rental/restroom-trailers/,,True,True,True,True
https://www.portable-food-bank.com/equipment-rental/shower-trailer/,https://portable-food-bank.com/equipment-rental/shower-trailer/,https://portable-food-bank.com/equipment-rental/shower-trailer/,200,1,"index,follow",https://portable-food-bank.com/equipment-rental/shower-trailer/,,True,True,True,True
https://www.portable-food-bank.com/equipment-rental/dump-rental/,https://portable-food-bank.com/equipment-rental/fencing-barricades-trash-receptacles/,https://portable-food-bank.com/equipment-rental/fencing-barricades-trash-receptacles/,200,1,"index,follow",https://portable-food-bank.com/equipment-rental/fencing-barricades-trash-receptacles/,,True,True,True,True
https://www.portable-food-bank.com/equipment-rental/generator-trailers/,https://portable-food-bank.com/equipment-rental/generator-trailers/,https://portable-food-bank.com/equipment-rental/generator-trailers/,200,1,"index,follow",https://portable-food-bank.com/equipment-rental/generator-trailers/,,True,True,True,True
https://www.portable-food-bank.com/equipment-rental/port-potties-and-port-johns/,https://portable-food-bank.com/equipment-rental/restroom-trailers/,https://portable-food-bank.com/equipment-rental/restroom-trailers/,200,1,"index,follow",https://portable-food-bank.com/equipment-rental/restroom-trailers/,,True,True,True,True
https://www.portable-food-bank.com/equipment-rental/ramp-rental/,https://portable-food-bank.com/equipment-rental/ramp-rentals/,https://portable-food-bank.com/equipment-rental/ramp-rentals/,200,1,"index,follow",https://portable-food-bank.com/equipment-rental/ramp-rentals/,,True,True,True,True
https://www.portable-food-bank.com/equipment-rental/stair-rental/,https://portable-food-bank.com/equipment-rental/stair-rentals/,https://portable-food-bank.com/equipment-rental/stair-rentals/,200,1,"index,follow",https://portable-food-bank.com/equipment-rental/stair-rentals/,,True,True,True,True
https://www.portable-food-bank.com/equipment-rental/waste-container/,https://portable-food-bank.com/equipment-rental/fencing-barricades-trash-receptacles/,https://portable-food-bank.com/equipment-rental/fencing-barricades-trash-receptacles/,200,1,"index,follow",https://portable-food-bank.com/equipment-rental/fencing-barricades-trash-receptacles/,,True,True,True,True
https://www.portable-food-bank.com/equipment-rental/wastewater-and-freshwater-container/,https://portable-food-bank.com/equipment-rental/wastewater-and-freshwater-container/,https://portable-food-bank.com/equipment-rental/wastewater-and-freshwater-container/,200,1,"index,follow",https://portable-food-bank.com/equipment-rental/wastewater-and-freshwater-container/,,True,True,True,True
https://portable-food-bank.com/equipment-rental/decontamination-trailers/,https://portable-food-bank.com/equipment-rental/,https://portable-food-bank.com/equipment-rental/,200,1,"index,follow",https://portable-food-bank.com/equipment-rental/,,True,True,True,True
https://portable-food-bank.com/,https://portable-food-bank.com/,https://portable-food-bank.com/,200,0,"index,follow",https://portable-food-bank.com/,,True,True,True,True
https://portable-food-bank.com/equipment-rental/breakroom-trailer/,https://portable-food-bank.com/equipment-rental/breakroom-trailer/,https://portable-food-bank.com/equipment-rental/breakroom-trailer/,200,0,"index,follow",https://portable-food-bank.com/equipment-rental/breakroom-trailer/,,True,True,True,True
https://portable-food-bank.com/equipment-rental/command-center-trailers/,https://portable-food-bank.com/equipment-rental/modular-command-center-trailers/,https://portable-food-bank.com/equipment-rental/modular-command-center-trailers/,200,1,"index,follow",https://portable-food-bank.com/equipment-rental/modular-command-center-trailers/,,True,True,True,True
https://portable-food-bank.com/equipment-rental/multi-trailer/,https://portable-food-bank.com/equipment-rental/,https://portable-food-bank.com/equipment-rental/,200,1,"index,follow",https://portable-food-bank.com/equipment-rental/,,True,True,True,True
https://portable-food-bank.com/equipment-rental/restroom-trailers/,https://portable-food-bank.com/equipment-rental/restroom-trailers/,https://portable-food-bank.com/equipment-rental/restroom-trailers/,200,0,"index,follow",https://portable-food-bank.com/equipment-rental/restroom-trailers/,,True,True,True,True
https://portable-food-bank.com/equipment-rental/shower-trailer/,https://portable-food-bank.com/equipment-rental/shower-trailer/,https://portable-food-bank.com/equipment-rental/shower-trailer/,200,0,"index,follow",https://portable-food-bank.com/equipment-rental/shower-trailer/,,True,True,True,True
https://portable-food-bank.com/equipment-rental/mobile-office-trailers/,https://portable-food-bank.com/equipment-rental/mobile-office-trailers/,https://portable-food-bank.com/equipment-rental/mobile-office-trailers/,200,0,"index,follow",https://portable-food-bank.com/equipment-rental/mobile-office-trailers/,,True,True,True,True
https://www.portable-food-bank.com/,https://portable-food-bank.com/,https://portable-food-bank.com/,200,1,"index,follow",https://portable-food-bank.com/,,True,True,True,True
https://portable-food-bank.com/equipment-rental/ramp-rental/,https://portable-food-bank.com/equipment-rental/ramp-rentals/,https://portable-food-bank.com/equipment-rental/ramp-rentals/,200,1,"index,follow",https://portable-food-bank.com/equipment-rental/ramp-rentals/,,True,True,True,True
https://portable-food-bank.com/equipment-rental/generator-trailers/,https://portable-food-bank.com/equipment-rental/generator-trailers/,https://portable-food-bank.com/equipment-rental/generator-trailers/,200,0,"index,follow",https://portable-food-bank.com/equipment-rental/generator-trailers/,,True,True,True,True
https://portable-food-bank.com/equipment-rental/port-potties-and-port-johns/,https://portable-food-bank.com/equipment-rental/restroom-trailers/,https://portable-food-bank.com/equipment-rental/restroom-trailers/,200,1,"index,follow",https://portable-food-bank.com/equipment-rental/restroom-trailers/,,True,True,True,True
https://portable-food-bank.com/equipment-rental/stair-rental/,https://portable-food-bank.com/equipment-rental/stair-rentals/,https://portable-food-bank.com/equipment-rental/stair-rentals/,200,1,"index,follow",https://portable-food-bank.com/equipment-rental/stair-rentals/,,True,True,True,True
https://portable-food-bank.com/equipment-rental/wastewater-and-freshwater-container/,https://portable-food-bank.com/equipment-rental/wastewater-and-freshwater-container/,https://portable-food-bank.com/equipment-rental/wastewater-and-freshwater-container/,200,0,"index,follow",https://portable-food-bank.com/equipment-rental/wastewater-and-freshwater-container/,,True,True,True,True
https://portable-food-bank.com/equipment-rental/dump-rental/,https://portable-food-bank.com/equipment-rental/fencing-barricades-trash-receptacles/,https://portable-food-bank.com/equipment-rental/fencing-barricades-trash-receptacles/,200,1,"index,follow",https://portable-food-bank.com/equipment-rental/fencing-barricades-trash-receptacles/,,True,True,True,True
https://portable-food-bank.com/equipment-rental/waste-container/,https://portable-food-bank.com/equipment-rental/fencing-barricades-trash-receptacles/,https://portable-food-bank.com/equipment-rental/fencing-barricades-trash-receptacles/,200,1,"index,follow",https://portable-food-bank.com/equipment-rental/fencing-barricades-trash-receptacles/,,True,True,True,True
https://www.portable-food-bank.com/emergency-workforce-housing-in-california/,https://portable-food-bank.com/man-camps-for-rent/,https://portable-food-bank.com/man-camps-for-rent/,200,1,"index,follow",https://portable-food-bank.com/man-camps-for-rent/,,True,True,True,True
https://www.portable-food-bank.com/remote-workforce-house-company-in-hawaii/,https://portable-food-bank.com/man-camps-for-rent/,https://portable-food-bank.com/man-camps-for-rent/,200,1,"index,follow",https://portable-food-bank.com/man-camps-for-rent/,,True,True,True,True
https://www.portable-food-bank.com/remote-workforce-housing-services-in-idaho/,https://portable-food-bank.com/man-camps-for-rent/,https://portable-food-bank.com/man-camps-for-rent/,200,1,"index,follow",https://portable-food-bank.com/man-camps-for-rent/,,True,True,True,True
https://www.portable-food-bank.com/temporary-remote-workforce-housing-services-in-arkansas/,https://portable-food-bank.com/man-camps-for-rent/,https://portable-food-bank.com/man-camps-for-rent/,200,1,"index,follow",https://portable-food-bank.com/man-camps-for-rent/,,True,True,True,True
https://www.portable-food-bank.com/temporary-remote-workforce-housing-services-in-illinois/,https://portable-food-bank.com/man-camps-for-rent/,https://portable-food-bank.com/man-camps-for-rent/,200,1,"index,follow",https://portable-food-bank.com/man-camps-for-rent/,,True,True,True,True
https://www.portable-food-bank.com/temporary-remote-workforce-housing-services-in-massachusetts/,https://portable-food-bank.com/man-camps-for-rent/,https://portable-food-bank.com/man-camps-for-rent/,200,1,"index,follow",https://portable-food-bank.com/man-camps-for-rent/,,True,True,True,True
https://www.portable-food-bank.com/temporary-remote-workforce-housing-services-in-michigan/,https://portable-food-bank.com/man-camps-for-rent/,https://portable-food-bank.com/man-camps-for-rent/,200,1,"index,follow",https://portable-food-bank.com/man-camps-for-rent/,,True,True,True,True
https://www.portable-food-bank.com/workforce-housing-shelters-in-colorado/,https://portable-food-bank.com/man-camps-for-rent/,https://portable-food-bank.com/man-camps-for-rent/,200,1,"index,follow",https://portable-food-bank.com/man-camps-for-rent/,,True,True,True,True
http://www.portable-food-bank.com/,https://portable-food-bank.com/,https://portable-food-bank.com/,200,2,"index,follow",https://portable-food-bank.com/,,True,True,True,True
https://portable-food-bank.com/workforce-housing-shelters-in-colorado/,https://portable-food-bank.com/man-camps-for-rent/,https://portable-food-bank.com/man-camps-for-rent/,200,1,"index,follow",https://portable-food-bank.com/man-camps-for-rent/,,True,True,True,True
https://www.portable-food-bank.com/equipment-rental/restroom-trailers/portable-restroom-trailers-in-california/,https://portable-food-bank.com/equipment-rental/restroom-trailers/,https://portable-food-bank.com/equipment-rental/restroom-trailers/,200,1,"index,follow",https://portable-food-bank.com/equipment-rental/restroom-trailers/,,True,True,True,True
https://www.portable-food-bank.com/equipment-rental/restroom-trailers/portable-restroom-trailers-in-alabama/,https://portable-food-bank.com/equipment-rental/restroom-trailers/,https://portable-food-bank.com/equipment-rental/restroom-trailers/,200,1,"index,follow",https://portable-food-bank.com/equipment-rental/restroom-trailers/,,True,True,True,True
https://www.portable-food-bank.com/equipment-rental/restroom-trailers/portable-restroom-trailers-in-alaska/,https://portable-food-bank.com/equipment-rental/restroom-trailers/,https://portable-food-bank.com/equipment-rental/restroom-trailers/,200,1,"index,follow",https://portable-food-bank.com/equipment-rental/restroom-trailers/,,True,True,True,True
https://www.portable-food-bank.com/equipment-rental/restroom-trailers/portable-restroom-trailers-in-alberta-ca/,https://portable-food-bank.com/equipment-rental/restroom-trailers/,https://portable-food-bank.com/equipment-rental/restroom-trailers/,200,1,"index,follow",https://portable-food-bank.com/equipment-rental/restroom-trailers/,,True,True,True,True
https://www.portable-food-bank.com/equipment-rental/restroom-trailers/portable-restroom-trailers-in-arizona/,https://portable-food-bank.com/equipment-rental/restroom-trailers/,https://portable-food-bank.com/equipment-rental/restroom-trailers/,200,1,"index,follow",https://portable-food-bank.com/equipment-rental/restroom-trailers/,,True,True,True,True
https://www.portable-food-bank.com/equipment-rental/restroom-trailers/portable-restroom-trailers-in-arkansas/,https://portable-food-bank.com/equipment-rental/restroom-trailers/,https://portable-food-bank.com/equipment-rental/restroom-trailers/,200,1,"index,follow",https://portable-food-bank.com/equipment-rental/restroom-trailers/,,True,True,True,True
https://www.portable-food-bank.com/equipment-rental/restroom-trailers/portable-restroom-trailers-in-colorado/,https://portable-food-bank.com/equipment-rental/restroom-trailers/,https://portable-food-bank.com/equipment-rental/restroom-trailers/,200,1,"index,follow",https://portable-food-bank.com/equipment-rental/restroom-trailers/,,True,True,True,True
https://www.portable-food-bank.com/equipment-rental/restroom-trailers/portable-restroom-trailers-in-connecticut/,https://portable-food-bank.com/equipment-rental/restroom-trailers/,https://portable-food-bank.com/equipment-rental/restroom-trailers/,200,1,"index,follow",https://portable-food-bank.com/equipment-rental/restroom-trailers/,,True,True,True,True
https://www.portable-food-bank.com/equipment-rental/restroom-trailers/portable-restroom-trailers-in-delaware/,https://portable-food-bank.com/equipment-rental/restroom-trailers/,https://portable-food-bank.com/equipment-rental/restroom-trailers/,200,1,"index,follow",https://portable-food-bank.com/equipment-rental/restroom-trailers/,,True,True,True,True
https://www.portable-food-bank.com/equipment-rental/restroom-trailers/portable-restroom-trailers-in-district-of-columbia/,https://portable-food-bank.com/equipment-rental/restroom-trailers/,https://portable-food-bank.com/equipment-rental/restroom-trailers/,200,1,"index,follow",https://portable-food-bank.com/equipment-rental/restroom-trailers/,,True,True,True,True
https://www.portable-food-bank.com/equipment-rental/restroom-trailers/portable-restroom-trailers-in-florida/,https://portable-food-bank.com/equipment-rental/restroom-trailers/,https://portable-food-bank.com/equipment-rental/restroom-trailers/,200,1,"index,follow",https://portable-food-bank.com/equipment-rental/restroom-trailers/,,True,True,True,True
https://www.portable-food-bank.com/equipment-rental/restroom-trailers/portable-restroom-trailers-in-georgia/,https://portable-food-bank.com/equipment-rental/restroom-trailers/,https://portable-food-bank.com/equipment-rental/restroom-trailers/,200,1,"index,follow",https://portable-food-bank.com/equipment-rental/restroom-trailers/,,True,True,True,True
https://www.portable-food-bank.com/equipment-rental/restroom-trailers/portable-restroom-trailers-in-hawaii/,https://portable-food-bank.com/equipment-rental/restroom-trailers/,https://portable-food-bank.com/equipment-rental/restroom-trailers/,200,1,"index,follow",https://portable-food-bank.com/equipment-rental/restroom-trailers/,,True,True,True,True
https://www.portable-food-bank.com/equipment-rental/restroom-trailers/portable-restroom-trailers-in-idaho/,https://portable-food-bank.com/equipment-rental/restroom-trailers/,https://portable-food-bank.com/equipment-rental/restroom-trailers/,200,1,"index,follow",https://portable-food-bank.com/equipment-rental/restroom-trailers/,,True,True,True,True
https://www.portable-food-bank.com/equipment-rental/restroom-trailers/portable-restroom-trailers-in-illinois/,https://portable-food-bank.com/equipment-rental/restroom-trailers/,https://portable-food-bank.com/equipment-rental/restroom-trailers/,200,1,"index,follow",https://portable-food-bank.com/equipment-rental/restroom-trailers/,,True,True,True,True
https://www.portable-food-bank.com/equipment-rental/restroom-trailers/portable-restroom-trailers-in-indiana/,https://portable-food-bank.com/equipment-rental/restroom-trailers/,https://portable-food-bank.com/equipment-rental/restroom-trailers/,200,1,"index,follow",https://portable-food-bank.com/equipment-rental/restroom-trailers/,,True,True,True,True
https://www.portable-food-bank.com/equipment-rental/restroom-trailers/portable-restroom-trailers-in-iowa/,https://portable-food-bank.com/equipment-rental/restroom-trailers/,https://portable-food-bank.com/equipment-rental/restroom-trailers/,200,1,"index,follow",https://portable-food-bank.com/equipment-rental/restroom-trailers/,,True,True,True,True
https://www.portable-food-bank.com/equipment-rental/restroom-trailers/portable-restroom-trailers-in-kansas/,https://portable-food-bank.com/equipment-rental/restroom-trailers/,https://portable-food-bank.com/equipment-rental/restroom-trailers/,200,1,"index,follow",https://portable-food-bank.com/equipment-rental/restroom-trailers/,,True,True,True,True
https://www.portable-food-bank.com/equipment-rental/restroom-trailers/portable-restroom-trailers-in-kentucky/,https://portable-food-bank.com/equipment-rental/restroom-trailers/,https://portable-food-bank.com/equipment-rental/restroom-trailers/,200,1,"index,follow",https://portable-food-bank.com/equipment-rental/restroom-trailers/,,True,True,True,True
https://www.portable-food-bank.com/equipment-rental/restroom-trailers/portable-restroom-trailers-in-louisiana/,https://portable-food-bank.com/equipment-rental/restroom-trailers/,https://portable-food-bank.com/equipment-rental/restroom-trailers/,200,1,"index,follow",https://portable-food-bank.com/equipment-rental/restroom-trailers/,,True,True,True,True
https://www.portable-food-bank.com/equipment-rental/restroom-trailers/portable-restroom-trailers-in-maine/,https://portable-food-bank.com/equipment-rental/restroom-trailers/,https://portable-food-bank.com/equipment-rental/restroom-trailers/,200,1,"index,follow",https://portable-food-bank.com/equipment-rental/restroom-trailers/,,True,True,True,True
https://www.portable-food-bank.com/equipment-rental/restroom-trailers/portable-restroom-trailers-in-maryland/,https://portable-food-bank.com/equipment-rental/restroom-trailers/,https://portable-food-bank.com/equipment-rental/restroom-trailers/,200,1,"index,follow",https://portable-food-bank.com/equipment-rental/restroom-trailers/,,True,True,True,True
https://www.portable-food-bank.com/equipment-rental/restroom-trailers/portable-restroom-trailers-in-massachusetts/,https://portable-food-bank.com/equipment-rental/restroom-trailers/,https://portable-food-bank.com/equipment-rental/restroom-trailers/,200,1,"index,follow",https://portable-food-bank.com/equipment-rental/restroom-trailers/,,True,True,True,True
https://www.portable-food-bank.com/equipment-rental/restroom-trailers/portable-restroom-trailers-in-michigan/,https://portable-food-bank.com/equipment-rental/restroom-trailers/,https://portable-food-bank.com/equipment-rental/restroom-trailers/,200,1,"index,follow",https://portable-food-bank.com/equipment-rental/restroom-trailers/,,True,True,True,True
https://www.portable-food-bank.com/equipment-rental/restroom-trailers/portable-restroom-trailers-in-minnesota/,https://portable-food-bank.com/equipment-rental/restroom-trailers/,https://portable-food-bank.com/equipment-rental/restroom-trailers/,200,1,"index,follow",https://portable-food-bank.com/equipment-rental/restroom-trailers/,,True,True,True,True
https://www.portable-food-bank.com/equipment-rental/restroom-trailers/portable-restroom-trailers-in-mississippi/,https://portable-food-bank.com/equipment-rental/restroom-trailers/,https://portable-food-bank.com/equipment-rental/restroom-trailers/,200,1,"index,follow",https://portable-food-bank.com/equipment-rental/restroom-trailers/,,True,True,True,True
https://www.portable-food-bank.com/equipment-rental/restroom-trailers/portable-restroom-trailers-in-missouri/,https://portable-food-bank.com/equipment-rental/restroom-trailers/,https://portable-food-bank.com/equipment-rental/restroom-trailers/,200,1,"index,follow",https://portable-food-bank.com/equipment-rental/restroom-trailers/,,True,True,True,True
https://www.portable-food-bank.com/equipment-rental/restroom-trailers/portable-restroom-trailers-in-montana/,https://portable-food-bank.com/equipment-rental/restroom-trailers/,https://portable-food-bank.com/equipment-rental/restroom-trailers/,200,1,"index,follow",https://portable-food-bank.com/equipment-rental/restroom-trailers/,,True,True,True,True
https://www.portable-food-bank.com/equipment-rental/restroom-trailers/portable-restroom-trailers-in-nebraska/,https://portable-food-bank.com/equipment-rental/restroom-trailers/,https://portable-food-bank.com/equipment-rental/restroom-trailers/,200,1,"index,follow",https://portable-food-bank.com/equipment-rental/restroom-trailers/,,True,True,True,True
https://www.portable-food-bank.com/equipment-rental/restroom-trailers/portable-restroom-trailers-in-nevada/,https://portable-food-bank.com/equipment-rental/restroom-trailers/,https://portable-food-bank.com/equipment-rental/restroom-trailers/,200,1,"index,follow",https://portable-food-bank.com/equipment-rental/restroom-trailers/,,True,True,True,True
https://www.portable-food-bank.com/equipment-rental/restroom-trailers/portable-restroom-trailers-in-new-hampshire/,https://portable-food-bank.com/equipment-rental/restroom-trailers/,https://portable-food-bank.com/equipment-rental/restroom-trailers/,200,1,"index,follow",https://portable-food-bank.com/equipment-rental/restroom-trailers/,,True,True,True,True
https://www.portable-food-bank.com/equipment-rental/restroom-trailers/portable-restroom-trailers-in-new-jersey/,https://portable-food-bank.com/equipment-rental/restroom-trailers/,https://portable-food-bank.com/equipment-rental/restroom-trailers/,200,1,"index,follow",https://portable-food-bank.com/equipment-rental/restroom-trailers/,,True,True,True,True
https://www.portable-food-bank.com/equipment-rental/restroom-trailers/portable-restroom-trailers-in-new-mexico/,https://portable-food-bank.com/equipment-rental/restroom-trailers/,https://portable-food-bank.com/equipment-rental/restroom-trailers/,200,1,"index,follow",https://portable-food-bank.com/equipment-rental/restroom-trailers/,,True,True,True,True
https://www.portable-food-bank.com/equipment-rental/restroom-trailers/portable-restroom-trailers-in-new-york/,https://portable-food-bank.com/equipment-rental/restroom-trailers/,https://portable-food-bank.com/equipment-rental/restroom-trailers/,200,1,"index,follow",https://portable-food-bank.com/equipment-rental/restroom-trailers/,,True,True,True,True
https://www.portable-food-bank.com/equipment-rental/restroom-trailers/portable-restroom-trailers-in-north-carolina/,https://portable-food-bank.com/equipment-rental/restroom-trailers/,https://portable-food-bank.com/equipment-rental/restroom-trailers/,200,1,"index,follow",https://portable-food-bank.com/equipment-rental/restroom-trailers/,,True,True,True,True
https://www.portable-food-bank.com/equipment-rental/restroom-trailers/portable-restroom-trailers-in-north-dakota/,https://portable-food-bank.com/equipment-rental/restroom-trailers/,https://portable-food-bank.com/equipment-rental/restroom-trailers/,200,1,"index,follow",https://portable-food-bank.com/equipment-rental/restroom-trailers/,,True,True,True,True
https://www.portable-food-bank.com/equipment-rental/restroom-trailers/portable-restroom-trailers-in-ohio/,https://portable-food-bank.com/equipment-rental/restroom-trailers/,https://portable-food-bank.com/equipment-rental/restroom-trailers/,200,1,"index,follow",https://portable-food-bank.com/equipment-rental/restroom-trailers/,,True,True,True,True
https://www.portable-food-bank.com/equipment-rental/restroom-trailers/portable-restroom-trailers-in-oklahoma/,https://portable-food-bank.com/equipment-rental/restroom-trailers/,https://portable-food-bank.com/equipment-rental/restroom-trailers/,200,1,"index,follow",https://portable-food-bank.com/equipment-rental/restroom-trailers/,,True,True,True,True
https://www.portable-food-bank.com/equipment-rental/restroom-trailers/portable-restroom-trailers-in-oregon/,https://portable-food-bank.com/equipment-rental/restroom-trailers/,https://portable-food-bank.com/equipment-rental/restroom-trailers/,200,1,"index,follow",https://portable-food-bank.com/equipment-rental/restroom-trailers/,,True,True,True,True
https://www.portable-food-bank.com/equipment-rental/restroom-trailers/portable-restroom-trailers-in-pennsylvania/,https://portable-food-bank.com/equipment-rental/restroom-trailers/,https://portable-food-bank.com/equipment-rental/restroom-trailers/,200,1,"index,follow",https://portable-food-bank.com/equipment-rental/restroom-trailers/,,True,True,True,True
https://www.portable-food-bank.com/equipment-rental/restroom-trailers/portable-restroom-trailers-in-rhode-island/,https://portable-food-bank.com/equipment-rental/restroom-trailers/,https://portable-food-bank.com/equipment-rental/restroom-trailers/,200,1,"index,follow",https://portable-food-bank.com/equipment-rental/restroom-trailers/,,True,True,True,True
https://www.portable-food-bank.com/equipment-rental/restroom-trailers/portable-restroom-trailers-in-south-carolina/,https://portable-food-bank.com/equipment-rental/restroom-trailers/,https://portable-food-bank.com/equipment-rental/restroom-trailers/,200,1,"index,follow",https://portable-food-bank.com/equipment-rental/restroom-trailers/,,True,True,True,True
https://www.portable-food-bank.com/equipment-rental/restroom-trailers/portable-restroom-trailers-in-south-dakota/,https://portable-food-bank.com/equipment-rental/restroom-trailers/,https://portable-food-bank.com/equipment-rental/restroom-trailers/,200,1,"index,follow",https://portable-food-bank.com/equipment-rental/restroom-trailers/,,True,True,True,True
https://www.portable-food-bank.com/equipment-rental/restroom-trailers/portable-restroom-trailers-in-tennessee/,https://portable-food-bank.com/equipment-rental/restroom-trailers/,https://portable-food-bank.com/equipment-rental/restroom-trailers/,200,1,"index,follow",https://portable-food-bank.com/equipment-rental/restroom-trailers/,,True,True,True,True
https://www.portable-food-bank.com/equipment-rental/restroom-trailers/portable-restroom-trailers-in-texas/,https://portable-food-bank.com/equipment-rental/restroom-trailers/,https://portable-food-bank.com/equipment-rental/restroom-trailers/,200,1,"index,follow",https://portable-food-bank.com/equipment-rental/restroom-trailers/,,True,True,True,True
https://www.portable-food-bank.com/equipment-rental/restroom-trailers/portable-restroom-trailers-in-utah/,https://portable-food-bank.com/equipment-rental/restroom-trailers/,https://portable-food-bank.com/equipment-rental/restroom-trailers/,200,1,"index,follow",https://portable-food-bank.com/equipment-rental/restroom-trailers/,,True,True,True,True
https://www.portable-food-bank.com/equipment-rental/restroom-trailers/portable-restroom-trailers-in-vermont/,https://portable-food-bank.com/equipment-rental/restroom-trailers/,https://portable-food-bank.com/equipment-rental/restroom-trailers/,200,1,"index,follow",https://portable-food-bank.com/equipment-rental/restroom-trailers/,,True,True,True,True
https://www.portable-food-bank.com/equipment-rental/restroom-trailers/portable-restroom-trailers-in-virginia/,https://portable-food-bank.com/equipment-rental/restroom-trailers/,https://portable-food-bank.com/equipment-rental/restroom-trailers/,200,1,"index,follow",https://portable-food-bank.com/equipment-rental/restroom-trailers/,,True,True,True,True
https://www.portable-food-bank.com/equipment-rental/restroom-trailers/portable-restroom-trailers-in-washington/,https://portable-food-bank.com/equipment-rental/restroom-trailers/,https://portable-food-bank.com/equipment-rental/restroom-trailers/,200,1,"index,follow",https://portable-food-bank.com/equipment-rental/restroom-trailers/,,True,True,True,True
https://www.portable-food-bank.com/equipment-rental/restroom-trailers/portable-restroom-trailers-in-west-virginia/,https://portable-food-bank.com/equipment-rental/restroom-trailers/,https://portable-food-bank.com/equipment-rental/restroom-trailers/,200,1,"index,follow",https://portable-food-bank.com/equipment-rental/restroom-trailers/,,True,True,True,True
https://www.portable-food-bank.com/equipment-rental/restroom-trailers/portable-restroom-trailers-in-winconsin/,https://portable-food-bank.com/equipment-rental/restroom-trailers/,https://portable-food-bank.com/equipment-rental/restroom-trailers/,200,1,"index,follow",https://portable-food-bank.com/equipment-rental/restroom-trailers/,,True,True,True,True
https://www.portable-food-bank.com/equipment-rental/restroom-trailers/portable-restroom-trailers-in-wyoming/,https://portable-food-bank.com/equipment-rental/restroom-trailers/,https://portable-food-bank.com/equipment-rental/restroom-trailers/,200,1,"index,follow",https://portable-food-bank.com/equipment-rental/restroom-trailers/,,True,True,True,True
http://portable-food-bank.com/,https://portable-food-bank.com/,https://portable-food-bank.com/,200,1,"index,follow",https://portable-food-bank.com/,,True,True,True,True
https://portable-food-bank.com/equipment-rental/restroom-trailers/portable-restroom-trailers-in-tennessee/,https://portable-food-bank.com/equipment-rental/restroom-trailers/,https://portable-food-bank.com/equipment-rental/restroom-trailers/,200,1,"index,follow",https://portable-food-bank.com/equipment-rental/restroom-trailers/,,True,True,True,True
https://portable-food-bank.com/houston-texas-mobile-kitchen-rental/,https://portable-food-bank.com/equipment-rental/mobile-kitchen-trailers/,https://portable-food-bank.com/equipment-rental/mobile-kitchen-trailers/,200,1,"index,follow",https://portable-food-bank.com/equipment-rental/mobile-kitchen-trailers/,,True,True,True,True
https://portable-food-bank.com/equipment-rental/restroom-trailers/portable-restroom-trailers-in-indiana/,https://portable-food-bank.com/equipment-rental/restroom-trailers/,https://portable-food-bank.com/equipment-rental/restroom-trailers/,200,1,"index,follow",https://portable-food-bank.com/equipment-rental/restroom-trailers/,,True,True,True,True
https://portable-food-bank.com/equipment-rental/restroom-trailers/portable-restroom-trailers-in-louisiana/,https://portable-food-bank.com/equipment-rental/restroom-trailers/,https://portable-food-bank.com/equipment-rental/restroom-trailers/,200,1,"index,follow",https://portable-food-bank.com/equipment-rental/restroom-trailers/,,True,True,True,True
https://portable-food-bank.com/equipment-rental/restroom-trailers/portable-restroom-trailers-in-california/,https://portable-food-bank.com/equipment-rental/restroom-trailers/,https://portable-food-bank.com/equipment-rental/restroom-trailers/,200,1,"index,follow",https://portable-food-bank.com/equipment-rental/restroom-trailers/,,True,True,True,True
https://portable-food-bank.com/equipment-rental/restroom-trailers/portable-restroom-trailers-in-north-dakota/,https://portable-food-bank.com/equipment-rental/restroom-trailers/,https://portable-food-bank.com/equipment-rental/restroom-trailers/,200,1,"index,follow",https://portable-food-bank.com/equipment-rental/restroom-trailers/,,True,True,True,True
https://www.portable-food-bank.com/houston-texas-mobile-kitchen-rental/,https://portable-food-bank.com/equipment-rental/mobile-kitchen-trailers/,https://portable-food-bank.com/equipment-rental/mobile-kitchen-trailers/,200,1,"index,follow",https://portable-food-bank.com/equipment-rental/mobile-kitchen-trailers/,,True,True,True,True
https://portable-food-bank.com/equipment-rental/restroom-trailers/portable-restroom-trailers-in-alberta-ca/,https://portable-food-bank.com/equipment-rental/restroom-trailers/,https://portable-food-bank.com/equipment-rental/restroom-trailers/,200,1,"index,follow",https://portable-food-bank.com/equipment-rental/restroom-trailers/,,True,True,True,True
https://portable-food-bank.com/equipment-rental/restroom-trailers/portable-restroom-trailers-in-arkansas/,https://portable-food-bank.com/equipment-rental/restroom-trailers/,https://portable-food-bank.com/equipment-rental/restroom-trailers/,200,1,"index,follow",https://portable-food-bank.com/equipment-rental/restroom-trailers/,,True,True,True,True
https://portable-food-bank.com/equipment-rental/restroom-trailers/portable-restroom-trailers-in-delaware/,https://portable-food-bank.com/equipment-rental/restroom-trailers/,https://portable-food-bank.com/equipment-rental/restroom-trailers/,200,1,"index,follow",https://portable-food-bank.com/equipment-rental/restroom-trailers/,,True,True,True,True
https://portable-food-bank.com/equipment-rental/restroom-trailers/portable-restroom-trailers-in-maryland/,https://portable-food-bank.com/equipment-rental/restroom-trailers/,https://portable-food-bank.com/equipment-rental/restroom-trailers/,200,1,"index,follow",https://portable-food-bank.com/equipment-rental/restroom-trailers/,,True,True,True,True
https://portable-food-bank.com/equipment-rental/restroom-trailers/portable-restroom-trailers-in-massachusetts/,https://portable-food-bank.com/equipment-rental/restroom-trailers/,https://portable-food-bank.com/equipment-rental/restroom-trailers/,200,1,"index,follow",https://portable-food-bank.com/equipment-rental/restroom-trailers/,,True,True,True,True
https://portable-food-bank.com/equipment-rental/restroom-trailers/portable-restroom-trailers-in-michigan/,https://portable-food-bank.com/equipment-rental/restroom-trailers/,https://portable-food-bank.com/equipment-rental/restroom-trailers/,200,1,"index,follow",https://portable-food-bank.com/equipment-rental/restroom-trailers/,,True,True,True,True
https://portable-food-bank.com/equipment-rental/restroom-trailers/portable-restroom-trailers-in-mississippi/,https://portable-food-bank.com/equipment-rental/restroom-trailers/,https://portable-food-bank.com/equipment-rental/restroom-trailers/,200,1,"index,follow",https://portable-food-bank.com/equipment-rental/restroom-trailers/,,True,True,True,True
https://portable-food-bank.com/equipment-rental/restroom-trailers/portable-restroom-trailers-in-nevada/,https://portable-food-bank.com/equipment-rental/restroom-trailers/,https://portable-food-bank.com/equipment-rental/restroom-trailers/,200,1,"index,follow",https://portable-food-bank.com/equipment-rental/restroom-trailers/,,True,True,True,True
https://portable-food-bank.com/equipment-rental/restroom-trailers/portable-restroom-trailers-in-new-hampshire/,https://portable-food-bank.com/equipment-rental/restroom-trailers/,https://portable-food-bank.com/equipment-rental/restroom-trailers/,200,1,"index,follow",https://portable-food-bank.com/equipment-rental/restroom-trailers/,,True,True,True,True
https://portable-food-bank.com/equipment-rental/restroom-trailers/portable-restroom-trailers-in-new-jersey/,https://portable-food-bank.com/equipment-rental/restroom-trailers/,https://portable-food-bank.com/equipment-rental/restroom-trailers/,200,1,"index,follow",https://portable-food-bank.com/equipment-rental/restroom-trailers/,,True,True,True,True
https://portable-food-bank.com/equipment-rental/restroom-trailers/portable-restroom-trailers-in-oklahoma/,https://portable-food-bank.com/equipment-rental/restroom-trailers/,https://portable-food-bank.com/equipment-rental/restroom-trailers/,200,1,"index,follow",https://portable-food-bank.com/equipment-rental/restroom-trailers/,,True,True,True,True
https://portable-food-bank.com/equipment-rental/restroom-trailers/portable-restroom-trailers-in-oregon/,https://portable-food-bank.com/equipment-rental/restroom-trailers/,https://portable-food-bank.com/equipment-rental/restroom-trailers/,200,1,"index,follow",https://portable-food-bank.com/equipment-rental/restroom-trailers/,,True,True,True,True
https://portable-food-bank.com/equipment-rental/restroom-trailers/portable-restroom-trailers-in-washington/,https://portable-food-bank.com/equipment-rental/restroom-trailers/,https://portable-food-bank.com/equipment-rental/restroom-trailers/,200,1,"index,follow",https://portable-food-bank.com/equipment-rental/restroom-trailers/,,True,True,True,True
https://portable-food-bank.com/equipment-rental/restroom-trailers/portable-restroom-trailers-in-west-virginia/,https://portable-food-bank.com/equipment-rental/restroom-trailers/,https://portable-food-bank.com/equipment-rental/restroom-trailers/,200,1,"index,follow",https://portable-food-bank.com/equipment-rental/restroom-trailers/,,True,True,True,True
https://portable-food-bank.com/equipment-rental/restroom-trailers/portable-restroom-trailers-in-wyoming/,https://portable-food-bank.com/equipment-rental/restroom-trailers/,https://portable-food-bank.com/equipment-rental/restroom-trailers/,200,1,"index,follow",https://portable-food-bank.com/equipment-rental/restroom-trailers/,,True,True,True,True
https://portable-food-bank.com/containerized-shower-trailers/,https://portable-food-bank.com/equipment-rental/shower-trailer/,https://portable-food-bank.com/equipment-rental/shower-trailer/,200,1,"index,follow",https://portable-food-bank.com/equipment-rental/shower-trailer/,,True,True,True,True
https://portable-food-bank.com/emergency-container-modular-remote-executive-hotel-suites/,https://portable-food-bank.com/man-camps-for-rent/,https://portable-food-bank.com/man-camps-for-rent/,200,1,"index,follow",https://portable-food-bank.com/man-camps-for-rent/,,True,True,True,True
https://portable-food-bank.com/emergency-migrant-containerized-living-spaces/,https://portable-food-bank.com/man-camps-for-rent/,https://portable-food-bank.com/man-camps-for-rent/,200,1,"index,follow",https://portable-food-bank.com/man-camps-for-rent/,,True,True,True,True
https://portable-food-bank.com/emergency-modular-shelters-contained-for-rental/,https://portable-food-bank.com/man-camps-for-rent/,https://portable-food-bank.com/man-camps-for-rent/,200,1,"index,follow",https://portable-food-bank.com/man-camps-for-rent/,,True,True,True,True
https://portable-food-bank.com/equipment-rental/restroom-trailers/portable-restroom-trailers-in-district-of-columbia/,https://portable-food-bank.com/equipment-rental/restroom-trailers/,https://portable-food-bank.com/equipment-rental/restroom-trailers/,200,1,"index,follow",https://portable-food-bank.com/equipment-rental/restroom-trailers/,,True,True,True,True
https://portable-food-bank.com/government/correctional-facilities/,https://portable-food-bank.com/government/correctional-facilities/,https://portable-food-bank.com/government/correctional-facilities/,200,0,"index,follow",https://portable-food-bank.com/government/correctional-facilities/,,True,True,True,True
https://portable-food-bank.com/mobile-kitchen-trailer-rental/,https://portable-food-bank.com/mobile-kitchen-trailer-rental/,https://portable-food-bank.com/mobile-kitchen-trailer-rental/,200,0,"index,follow",https://portable-food-bank.com/mobile-kitchen-trailer-rental/,,True,True,True,True
https://portable-food-bank.com/portable-dishwashing-trailer-rental/,https://portable-food-bank.com/portable-dishwashing-trailer-rental/,https://portable-food-bank.com/portable-dishwashing-trailer-rental/,200,0,"index,follow",https://portable-food-bank.com/portable-dishwashing-trailer-rental/,,True,True,True,True
https://portable-food-bank.com/remote-containerized-military-berthing-solution-for-rent/,https://portable-food-bank.com/remote-containerized-military-berthing-solution-for-rent/,https://portable-food-bank.com/remote-containerized-military-berthing-solution-for-rent/,200,0,"index,follow",https://portable-food-bank.com/remote-containerized-military-berthing-solution-for-rent/,,True,True,True,True
https://portable-food-bank.com/restroom-trailer-rental/,https://portable-food-bank.com/restroom-trailer-rental/,https://portable-food-bank.com/restroom-trailer-rental/,200,0,"index,follow",https://portable-food-bank.com/restroom-trailer-rental/,,True,True,True,True
https://portable-food-bank.com/shower-trailer-rental/,https://portable-food-bank.com/shower-trailer-rental/,https://portable-food-bank.com/shower-trailer-rental/,200,0,"index,follow",https://portable-food-bank.com/shower-trailer-rental/,,True,True,True,True
https://portable-food-bank.com/sleeper-trailer-rental/,https://portable-food-bank.com/sleeper-trailer-rental/,https://portable-food-bank.com/sleeper-trailer-rental/,200,0,"index,follow",https://portable-food-bank.com/sleeper-trailer-rental/,,True,True,True,True
https://www.portable-food-bank.com/containerized-shower-trailers/,https://portable-food-bank.com/equipment-rental/shower-trailer/,https://portable-food-bank.com/equipment-rental/shower-trailer/,200,1,"index,follow",https://portable-food-bank.com/equipment-rental/shower-trailer/,,True,True,True,True
https://www.portable-food-bank.com/emergency-container-modular-remote-executive-hotel-suites/,https://portable-food-bank.com/man-camps-for-rent/,https://portable-food-bank.com/man-camps-for-rent/,200,1,"index,follow",https://portable-food-bank.com/man-camps-for-rent/,,True,True,True,True
https://www.portable-food-bank.com/emergency-migrant-containerized-living-spaces/,https://portable-food-bank.com/man-camps-for-rent/,https://portable-food-bank.com/man-camps-for-rent/,200,1,"index,follow",https://portable-food-bank.com/man-camps-for-rent/,,True,True,True,True
https://www.portable-food-bank.com/emergency-modular-shelters-contained-for-rental/,https://portable-food-bank.com/man-camps-for-rent/,https://portable-food-bank.com/man-camps-for-rent/,200,1,"index,follow",https://portable-food-bank.com/man-camps-for-rent/,,True,True,True,True
https://www.portable-food-bank.com/equipment-rental/shower-trailer/portable-shower-trailers-in-new-jersey-usa/,https://portable-food-bank.com/equipment-rental/shower-trailer/,https://portable-food-bank.com/equipment-rental/shower-trailer/,200,1,"index,follow",https://portable-food-bank.com/equipment-rental/shower-trailer/,,True,True,True,True
https://www.portable-food-bank.com/government/correctional-facilities/,https://portable-food-bank.com/government/correctional-facilities/,https://portable-food-bank.com/government/correctional-facilities/,200,1,"index,follow",https://portable-food-bank.com/government/correctional-facilities/,,True,True,True,True
https://www.portable-food-bank.com/greensboro-north-carolina-usa-temporary-restroom-building-rental/,https://portable-food-bank.com/equipment-rental/restroom-trailers/,https://portable-food-bank.com/equipment-rental/restroom-trailers/,200,1,"index,follow",https://portable-food-bank.com/equipment-rental/restroom-trailers/,,True,True,True,True
https://www.portable-food-bank.com/modular-temporary-camp-facilities/,https://portable-food-bank.com/man-camps-for-rent/,https://portable-food-bank.com/man-camps-for-rent/,200,1,"index,follow",https://portable-food-bank.com/man-camps-for-rent/,,True,True,True,True
https://www.portable-food-bank.com/modular-temporary-workforce-housing-facilities/,https://portable-food-bank.com/man-camps-for-rent/,https://portable-food-bank.com/man-camps-for-rent/,200,1,"index,follow",https://portable-food-bank.com/man-camps-for-rent/,,True,True,True,True
https://www.portable-food-bank.com/remote-basecamp-housing-service-company/,https://portable-food-bank.com/man-camps-for-rent/,https://portable-food-bank.com/man-camps-for-rent/,200,1,"index,follow",https://portable-food-bank.com/man-camps-for-rent/,,True,True,True,True
https://www.portable-food-bank.com/remote-containerized-military-berthing-solution/,https://portable-food-bank.com/remote-containerized-military-berthing-solution-for-rent/,https://portable-food-bank.com/remote-containerized-military-berthing-solution-for-rent/,200,1,"index,follow",https://portable-food-bank.com/remote-containerized-military-berthing-solution-for-rent/,,True,True,True,True
https://www.portable-food-bank.com/remote-housing-facilities/,https://portable-food-bank.com/man-camps-for-rent/,https://portable-food-bank.com/man-camps-for-rent/,200,1,"index,follow",https://portable-food-bank.com/man-camps-for-rent/,,True,True,True,True
https://www.portable-food-bank.com/remote-temporary-workforce-housing-facilities-rental/,https://portable-food-bank.com/man-camps-for-rent/,https://portable-food-bank.com/man-camps-for-rent/,200,1,"index,follow",https://portable-food-bank.com/man-camps-for-rent/,,True,True,True,True
https://www.portable-food-bank.com/remote-workforce-housing-facilities/,https://portable-food-bank.com/man-camps-for-rent/,https://portable-food-bank.com/man-camps-for-rent/,200,1,"index,follow",https://portable-food-bank.com/man-camps-for-rent/,,True,True,True,True
https://www.portable-food-bank.com/remote-workforce-housing-in-alabama/,https://portable-food-bank.com/man-camps-for-rent/,https://portable-food-bank.com/man-camps-for-rent/,200,1,"index,follow",https://portable-food-bank.com/man-camps-for-rent/,,True,True,True,True
https://www.portable-food-bank.com/wp-content/uploads/2023/04/2-Food-Service-Design.png,https://portable-food-bank.com/food-services-2/,https://portable-food-bank.com/food-services-2/,200,2,"index,follow",https://portable-food-bank.com/food-services-2/,,True,True,True,True
https://portable-food-bank.com/shop/,https://portable-food-bank.com/equipment-rental/,https://portable-food-bank.com/equipment-rental/,200,1,"index,follow",https://portable-food-bank.com/equipment-rental/,,True,True,True,True
https://www.portable-food-bank.com/catering/,https://portable-food-bank.com/food-services-2/,https://portable-food-bank.com/food-services-2/,200,1,"index,follow",https://portable-food-bank.com/food-services-2/,,True,True,True,True
