source_url,source_host,source_path,referring_domains,dofollow_links,decision,expected_production_result,release_state,canonical,robots,internal_link_verified
https://www.portable-food-bank.com/temporary-workforce-housing-facilities/,www.portable-food-bank.com,/temporary-workforce-housing-facilities/,4,22678,preserve_exact_200,/temporary-workforce-housing-facilities/,index,https://portable-food-bank.com/temporary-workforce-housing-facilities/,"index,follow",yes
https://www.portable-food-bank.com/remote-workforce-house-company-in-alabama/,www.portable-food-bank.com,/remote-workforce-house-company-in-alabama/,1,22659,preserve_exact_200,/remote-workforce-house-company-in-alabama/,index,https://portable-food-bank.com/remote-workforce-house-company-in-alabama/,"index,follow",yes
https://www.portable-food-bank.com/remote-workforce-housing-rentals-in-arizona/,www.portable-food-bank.com,/remote-workforce-housing-rentals-in-arizona/,1,22659,preserve_exact_200,/remote-workforce-housing-rentals-in-arizona/,index,https://portable-food-bank.com/remote-workforce-housing-rentals-in-arizona/,"index,follow",yes
https://www.portable-food-bank.com/remote-workforce-housing-services-in-alaska/,www.portable-food-bank.com,/remote-workforce-housing-services-in-alaska/,1,22659,preserve_exact_200,/remote-workforce-housing-services-in-alaska/,index,https://portable-food-bank.com/remote-workforce-housing-services-in-alaska/,"index,follow",yes
https://portable-food-bank.com/temporary-workforce-housing-facilities/,portable-food-bank.com,/temporary-workforce-housing-facilities/,4,5158,preserve_exact_200,/temporary-workforce-housing-facilities/,index,https://portable-food-bank.com/temporary-workforce-housing-facilities/,"index,follow",yes
https://portable-food-bank.com/remote-workforce-house-company-in-alabama/,portable-food-bank.com,/remote-workforce-house-company-in-alabama/,1,4351,preserve_exact_200,/remote-workforce-house-company-in-alabama/,index,https://portable-food-bank.com/remote-workforce-house-company-in-alabama/,"index,follow",yes
https://portable-food-bank.com/remote-workforce-housing-rentals-in-arizona/,portable-food-bank.com,/remote-workforce-housing-rentals-in-arizona/,1,2313,preserve_exact_200,/remote-workforce-housing-rentals-in-arizona/,index,https://portable-food-bank.com/remote-workforce-housing-rentals-in-arizona/,"index,follow",yes
https://www.portable-food-bank.com/equipment-rental/sleeper-trailers/,www.portable-food-bank.com,/equipment-rental/sleeper-trailers/,2,344,preserve_exact_200,/equipment-rental/sleeper-trailers/,index,https://portable-food-bank.com/equipment-rental/sleeper-trailers/,"index,follow",yes
https://www.portable-food-bank.com/equipment-rental/breakroom-trailer/,www.portable-food-bank.com,/equipment-rental/breakroom-trailer/,1,343,preserve_exact_200,/equipment-rental/breakroom-trailer/,index,https://portable-food-bank.com/equipment-rental/breakroom-trailer/,"index,follow",existing-route
https://www.portable-food-bank.com/equipment-rental/command-center-trailers/,www.portable-food-bank.com,/equipment-rental/command-center-trailers/,1,343,preserve_exact_200,/equipment-rental/command-center-trailers/,index,https://portable-food-bank.com/equipment-rental/command-center-trailers/,"index,follow",yes
https://www.portable-food-bank.com/equipment-rental/decontamination-trailers/,www.portable-food-bank.com,/equipment-rental/decontamination-trailers/,1,343,preserve_exact_200,/equipment-rental/decontamination-trailers/,index,https://portable-food-bank.com/equipment-rental/decontamination-trailers/,"index,follow",yes
https://www.portable-food-bank.com/equipment-rental/mobile-office-trailers/,www.portable-food-bank.com,/equipment-rental/mobile-office-trailers/,1,343,preserve_exact_200,/equipment-rental/mobile-office-trailers/,index,https://portable-food-bank.com/equipment-rental/mobile-office-trailers/,"index,follow",existing-route
https://www.portable-food-bank.com/equipment-rental/multi-trailer/,www.portable-food-bank.com,/equipment-rental/multi-trailer/,1,343,preserve_exact_200,/equipment-rental/multi-trailer/,index,https://portable-food-bank.com/equipment-rental/multi-trailer/,"index,follow",yes
https://www.portable-food-bank.com/equipment-rental/restroom-trailers/,www.portable-food-bank.com,/equipment-rental/restroom-trailers/,1,343,preserve_exact_200,/equipment-rental/restroom-trailers/,index,https://portable-food-bank.com/equipment-rental/restroom-trailers/,"index,follow",existing-route
https://www.portable-food-bank.com/equipment-rental/shower-trailer/,www.portable-food-bank.com,/equipment-rental/shower-trailer/,1,343,preserve_exact_200,/equipment-rental/shower-trailer/,index,https://portable-food-bank.com/equipment-rental/shower-trailer/,"index,follow",existing-route
https://www.portable-food-bank.com/equipment-rental/dump-rental/,www.portable-food-bank.com,/equipment-rental/dump-rental/,1,239,preserve_exact_200,/equipment-rental/dump-rental/,index,https://portable-food-bank.com/equipment-rental/dump-rental/,"index,follow",yes
https://www.portable-food-bank.com/equipment-rental/generator-trailers/,www.portable-food-bank.com,/equipment-rental/generator-trailers/,1,239,preserve_exact_200,/equipment-rental/generator-trailers/,index,https://portable-food-bank.com/equipment-rental/generator-trailers/,"index,follow",existing-route
https://www.portable-food-bank.com/equipment-rental/port-potties-and-port-johns/,www.portable-food-bank.com,/equipment-rental/port-potties-and-port-johns/,1,239,preserve_exact_200,/equipment-rental/port-potties-and-port-johns/,index,https://portable-food-bank.com/equipment-rental/port-potties-and-port-johns/,"index,follow",yes
https://www.portable-food-bank.com/equipment-rental/ramp-rental/,www.portable-food-bank.com,/equipment-rental/ramp-rental/,1,239,preserve_exact_200,/equipment-rental/ramp-rental/,index,https://portable-food-bank.com/equipment-rental/ramp-rental/,"index,follow",yes
https://www.portable-food-bank.com/equipment-rental/stair-rental/,www.portable-food-bank.com,/equipment-rental/stair-rental/,1,239,preserve_exact_200,/equipment-rental/stair-rental/,index,https://portable-food-bank.com/equipment-rental/stair-rental/,"index,follow",yes
https://www.portable-food-bank.com/equipment-rental/waste-container/,www.portable-food-bank.com,/equipment-rental/waste-container/,1,239,preserve_exact_200,/equipment-rental/waste-container/,index,https://portable-food-bank.com/equipment-rental/waste-container/,"index,follow",yes
https://www.portable-food-bank.com/equipment-rental/wastewater-and-freshwater-container/,www.portable-food-bank.com,/equipment-rental/wastewater-and-freshwater-container/,1,239,preserve_exact_200,/equipment-rental/wastewater-and-freshwater-container/,index,https://portable-food-bank.com/equipment-rental/wastewater-and-freshwater-container/,"index,follow",existing-route
https://portable-food-bank.com/equipment-rental/decontamination-trailers/,portable-food-bank.com,/equipment-rental/decontamination-trailers/,1,190,preserve_exact_200,/equipment-rental/decontamination-trailers/,index,https://portable-food-bank.com/equipment-rental/decontamination-trailers/,"index,follow",yes
https://portable-food-bank.com/,portable-food-bank.com,/,579,182,preserve_exact_200,/,index,https://portable-food-bank.com/,"index,follow",existing-route
https://portable-food-bank.com/equipment-rental/breakroom-trailer/,portable-food-bank.com,/equipment-rental/breakroom-trailer/,1,178,preserve_exact_200,/equipment-rental/breakroom-trailer/,index,https://portable-food-bank.com/equipment-rental/breakroom-trailer/,"index,follow",existing-route
https://portable-food-bank.com/equipment-rental/command-center-trailers/,portable-food-bank.com,/equipment-rental/command-center-trailers/,1,178,preserve_exact_200,/equipment-rental/command-center-trailers/,index,https://portable-food-bank.com/equipment-rental/command-center-trailers/,"index,follow",yes
https://portable-food-bank.com/equipment-rental/multi-trailer/,portable-food-bank.com,/equipment-rental/multi-trailer/,1,178,preserve_exact_200,/equipment-rental/multi-trailer/,index,https://portable-food-bank.com/equipment-rental/multi-trailer/,"index,follow",yes
https://portable-food-bank.com/equipment-rental/restroom-trailers/,portable-food-bank.com,/equipment-rental/restroom-trailers/,1,178,preserve_exact_200,/equipment-rental/restroom-trailers/,index,https://portable-food-bank.com/equipment-rental/restroom-trailers/,"index,follow",existing-route
https://portable-food-bank.com/equipment-rental/shower-trailer/,portable-food-bank.com,/equipment-rental/shower-trailer/,1,178,preserve_exact_200,/equipment-rental/shower-trailer/,index,https://portable-food-bank.com/equipment-rental/shower-trailer/,"index,follow",existing-route
https://portable-food-bank.com/equipment-rental/mobile-office-trailers/,portable-food-bank.com,/equipment-rental/mobile-office-trailers/,1,177,preserve_exact_200,/equipment-rental/mobile-office-trailers/,index,https://portable-food-bank.com/equipment-rental/mobile-office-trailers/,"index,follow",existing-route
https://www.portable-food-bank.com/,www.portable-food-bank.com,/,307,166,preserve_exact_200,/,index,https://portable-food-bank.com/,"index,follow",existing-route
https://portable-food-bank.com/equipment-rental/ramp-rental/,portable-food-bank.com,/equipment-rental/ramp-rental/,1,111,preserve_exact_200,/equipment-rental/ramp-rental/,index,https://portable-food-bank.com/equipment-rental/ramp-rental/,"index,follow",yes
https://portable-food-bank.com/equipment-rental/generator-trailers/,portable-food-bank.com,/equipment-rental/generator-trailers/,1,107,preserve_exact_200,/equipment-rental/generator-trailers/,index,https://portable-food-bank.com/equipment-rental/generator-trailers/,"index,follow",existing-route
https://portable-food-bank.com/equipment-rental/port-potties-and-port-johns/,portable-food-bank.com,/equipment-rental/port-potties-and-port-johns/,1,107,preserve_exact_200,/equipment-rental/port-potties-and-port-johns/,index,https://portable-food-bank.com/equipment-rental/port-potties-and-port-johns/,"index,follow",yes
https://portable-food-bank.com/equipment-rental/stair-rental/,portable-food-bank.com,/equipment-rental/stair-rental/,1,107,preserve_exact_200,/equipment-rental/stair-rental/,index,https://portable-food-bank.com/equipment-rental/stair-rental/,"index,follow",yes
https://portable-food-bank.com/equipment-rental/wastewater-and-freshwater-container/,portable-food-bank.com,/equipment-rental/wastewater-and-freshwater-container/,1,107,preserve_exact_200,/equipment-rental/wastewater-and-freshwater-container/,index,https://portable-food-bank.com/equipment-rental/wastewater-and-freshwater-container/,"index,follow",existing-route
https://portable-food-bank.com/equipment-rental/dump-rental/,portable-food-bank.com,/equipment-rental/dump-rental/,1,105,preserve_exact_200,/equipment-rental/dump-rental/,index,https://portable-food-bank.com/equipment-rental/dump-rental/,"index,follow",yes
https://portable-food-bank.com/equipment-rental/waste-container/,portable-food-bank.com,/equipment-rental/waste-container/,1,105,preserve_exact_200,/equipment-rental/waste-container/,index,https://portable-food-bank.com/equipment-rental/waste-container/,"index,follow",yes
https://www.portable-food-bank.com/emergency-workforce-housing-in-california/,www.portable-food-bank.com,/emergency-workforce-housing-in-california/,1,88,preserve_exact_200,/emergency-workforce-housing-in-california/,index,https://portable-food-bank.com/emergency-workforce-housing-in-california/,"index,follow",yes
https://www.portable-food-bank.com/remote-workforce-house-company-in-hawaii/,www.portable-food-bank.com,/remote-workforce-house-company-in-hawaii/,1,87,preserve_exact_200,/remote-workforce-house-company-in-hawaii/,staged_noindex,,"noindex,follow",yes
https://www.portable-food-bank.com/remote-workforce-housing-services-in-idaho/,www.portable-food-bank.com,/remote-workforce-housing-services-in-idaho/,1,87,preserve_exact_200,/remote-workforce-housing-services-in-idaho/,staged_noindex,,"noindex,follow",yes
https://www.portable-food-bank.com/temporary-remote-workforce-housing-services-in-arkansas/,www.portable-food-bank.com,/temporary-remote-workforce-housing-services-in-arkansas/,1,87,preserve_exact_200,/temporary-remote-workforce-housing-services-in-arkansas/,staged_noindex,,"noindex,follow",yes
https://www.portable-food-bank.com/temporary-remote-workforce-housing-services-in-illinois/,www.portable-food-bank.com,/temporary-remote-workforce-housing-services-in-illinois/,1,87,preserve_exact_200,/temporary-remote-workforce-housing-services-in-illinois/,staged_noindex,,"noindex,follow",yes
https://www.portable-food-bank.com/temporary-remote-workforce-housing-services-in-massachusetts/,www.portable-food-bank.com,/temporary-remote-workforce-housing-services-in-massachusetts/,1,87,preserve_exact_200,/temporary-remote-workforce-housing-services-in-massachusetts/,staged_noindex,,"noindex,follow",yes
https://www.portable-food-bank.com/temporary-remote-workforce-housing-services-in-michigan/,www.portable-food-bank.com,/temporary-remote-workforce-housing-services-in-michigan/,1,87,preserve_exact_200,/temporary-remote-workforce-housing-services-in-michigan/,staged_noindex,,"noindex,follow",yes
https://www.portable-food-bank.com/workforce-housing-shelters-in-colorado/,www.portable-food-bank.com,/workforce-housing-shelters-in-colorado/,1,87,preserve_exact_200,/workforce-housing-shelters-in-colorado/,index,https://portable-food-bank.com/workforce-housing-shelters-in-colorado/,"index,follow",yes
http://www.portable-food-bank.com/,www.portable-food-bank.com,/,3,73,preserve_exact_200,/,index,https://portable-food-bank.com/,"index,follow",existing-route
https://portable-food-bank.com/workforce-housing-shelters-in-colorado/,portable-food-bank.com,/workforce-housing-shelters-in-colorado/,1,45,preserve_exact_200,/workforce-housing-shelters-in-colorado/,index,https://portable-food-bank.com/workforce-housing-shelters-in-colorado/,"index,follow",yes
https://www.portable-food-bank.com/equipment-rental/restroom-trailers/portable-restroom-trailers-in-california/,www.portable-food-bank.com,/equipment-rental/restroom-trailers/portable-restroom-trailers-in-california/,6,12,preserve_exact_200,/equipment-rental/restroom-trailers/portable-restroom-trailers-in-california/,index,https://portable-food-bank.com/equipment-rental/restroom-trailers/portable-restroom-trailers-in-california/,"index,follow",yes
https://www.portable-food-bank.com/equipment-rental/restroom-trailers/portable-restroom-trailers-in-alabama/,www.portable-food-bank.com,/equipment-rental/restroom-trailers/portable-restroom-trailers-in-alabama/,1,10,preserve_exact_200,/equipment-rental/restroom-trailers/portable-restroom-trailers-in-alabama/,staged_noindex,,"noindex,follow",yes
https://www.portable-food-bank.com/equipment-rental/restroom-trailers/portable-restroom-trailers-in-alaska/,www.portable-food-bank.com,/equipment-rental/restroom-trailers/portable-restroom-trailers-in-alaska/,1,10,preserve_exact_200,/equipment-rental/restroom-trailers/portable-restroom-trailers-in-alaska/,staged_noindex,,"noindex,follow",yes
https://www.portable-food-bank.com/equipment-rental/restroom-trailers/portable-restroom-trailers-in-alberta-ca/,www.portable-food-bank.com,/equipment-rental/restroom-trailers/portable-restroom-trailers-in-alberta-ca/,1,10,preserve_exact_200,/equipment-rental/restroom-trailers/portable-restroom-trailers-in-alberta-ca/,staged_noindex,,"noindex,follow",yes
https://www.portable-food-bank.com/equipment-rental/restroom-trailers/portable-restroom-trailers-in-arizona/,www.portable-food-bank.com,/equipment-rental/restroom-trailers/portable-restroom-trailers-in-arizona/,1,10,preserve_exact_200,/equipment-rental/restroom-trailers/portable-restroom-trailers-in-arizona/,staged_noindex,,"noindex,follow",yes
https://www.portable-food-bank.com/equipment-rental/restroom-trailers/portable-restroom-trailers-in-arkansas/,www.portable-food-bank.com,/equipment-rental/restroom-trailers/portable-restroom-trailers-in-arkansas/,1,10,preserve_exact_200,/equipment-rental/restroom-trailers/portable-restroom-trailers-in-arkansas/,staged_noindex,,"noindex,follow",yes
https://www.portable-food-bank.com/equipment-rental/restroom-trailers/portable-restroom-trailers-in-colorado/,www.portable-food-bank.com,/equipment-rental/restroom-trailers/portable-restroom-trailers-in-colorado/,1,10,preserve_exact_200,/equipment-rental/restroom-trailers/portable-restroom-trailers-in-colorado/,staged_noindex,,"noindex,follow",yes
https://www.portable-food-bank.com/equipment-rental/restroom-trailers/portable-restroom-trailers-in-connecticut/,www.portable-food-bank.com,/equipment-rental/restroom-trailers/portable-restroom-trailers-in-connecticut/,1,10,preserve_exact_200,/equipment-rental/restroom-trailers/portable-restroom-trailers-in-connecticut/,staged_noindex,,"noindex,follow",yes
https://www.portable-food-bank.com/equipment-rental/restroom-trailers/portable-restroom-trailers-in-delaware/,www.portable-food-bank.com,/equipment-rental/restroom-trailers/portable-restroom-trailers-in-delaware/,1,10,preserve_exact_200,/equipment-rental/restroom-trailers/portable-restroom-trailers-in-delaware/,staged_noindex,,"noindex,follow",yes
https://www.portable-food-bank.com/equipment-rental/restroom-trailers/portable-restroom-trailers-in-district-of-columbia/,www.portable-food-bank.com,/equipment-rental/restroom-trailers/portable-restroom-trailers-in-district-of-columbia/,1,10,preserve_exact_200,/equipment-rental/restroom-trailers/portable-restroom-trailers-in-district-of-columbia/,staged_noindex,,"noindex,follow",yes
https://www.portable-food-bank.com/equipment-rental/restroom-trailers/portable-restroom-trailers-in-florida/,www.portable-food-bank.com,/equipment-rental/restroom-trailers/portable-restroom-trailers-in-florida/,1,10,preserve_exact_200,/equipment-rental/restroom-trailers/portable-restroom-trailers-in-florida/,staged_noindex,,"noindex,follow",yes
https://www.portable-food-bank.com/equipment-rental/restroom-trailers/portable-restroom-trailers-in-georgia/,www.portable-food-bank.com,/equipment-rental/restroom-trailers/portable-restroom-trailers-in-georgia/,1,10,preserve_exact_200,/equipment-rental/restroom-trailers/portable-restroom-trailers-in-georgia/,staged_noindex,,"noindex,follow",yes
https://www.portable-food-bank.com/equipment-rental/restroom-trailers/portable-restroom-trailers-in-hawaii/,www.portable-food-bank.com,/equipment-rental/restroom-trailers/portable-restroom-trailers-in-hawaii/,1,10,preserve_exact_200,/equipment-rental/restroom-trailers/portable-restroom-trailers-in-hawaii/,staged_noindex,,"noindex,follow",yes
https://www.portable-food-bank.com/equipment-rental/restroom-trailers/portable-restroom-trailers-in-idaho/,www.portable-food-bank.com,/equipment-rental/restroom-trailers/portable-restroom-trailers-in-idaho/,1,10,preserve_exact_200,/equipment-rental/restroom-trailers/portable-restroom-trailers-in-idaho/,staged_noindex,,"noindex,follow",yes
https://www.portable-food-bank.com/equipment-rental/restroom-trailers/portable-restroom-trailers-in-illinois/,www.portable-food-bank.com,/equipment-rental/restroom-trailers/portable-restroom-trailers-in-illinois/,1,10,preserve_exact_200,/equipment-rental/restroom-trailers/portable-restroom-trailers-in-illinois/,staged_noindex,,"noindex,follow",yes
https://www.portable-food-bank.com/equipment-rental/restroom-trailers/portable-restroom-trailers-in-indiana/,www.portable-food-bank.com,/equipment-rental/restroom-trailers/portable-restroom-trailers-in-indiana/,1,10,preserve_exact_200,/equipment-rental/restroom-trailers/portable-restroom-trailers-in-indiana/,staged_noindex,,"noindex,follow",yes
https://www.portable-food-bank.com/equipment-rental/restroom-trailers/portable-restroom-trailers-in-iowa/,www.portable-food-bank.com,/equipment-rental/restroom-trailers/portable-restroom-trailers-in-iowa/,1,10,preserve_exact_200,/equipment-rental/restroom-trailers/portable-restroom-trailers-in-iowa/,staged_noindex,,"noindex,follow",yes
https://www.portable-food-bank.com/equipment-rental/restroom-trailers/portable-restroom-trailers-in-kansas/,www.portable-food-bank.com,/equipment-rental/restroom-trailers/portable-restroom-trailers-in-kansas/,1,10,preserve_exact_200,/equipment-rental/restroom-trailers/portable-restroom-trailers-in-kansas/,staged_noindex,,"noindex,follow",yes
https://www.portable-food-bank.com/equipment-rental/restroom-trailers/portable-restroom-trailers-in-kentucky/,www.portable-food-bank.com,/equipment-rental/restroom-trailers/portable-restroom-trailers-in-kentucky/,1,10,preserve_exact_200,/equipment-rental/restroom-trailers/portable-restroom-trailers-in-kentucky/,staged_noindex,,"noindex,follow",yes
https://www.portable-food-bank.com/equipment-rental/restroom-trailers/portable-restroom-trailers-in-louisiana/,www.portable-food-bank.com,/equipment-rental/restroom-trailers/portable-restroom-trailers-in-louisiana/,1,10,preserve_exact_200,/equipment-rental/restroom-trailers/portable-restroom-trailers-in-louisiana/,staged_noindex,,"noindex,follow",yes
https://www.portable-food-bank.com/equipment-rental/restroom-trailers/portable-restroom-trailers-in-maine/,www.portable-food-bank.com,/equipment-rental/restroom-trailers/portable-restroom-trailers-in-maine/,1,10,preserve_exact_200,/equipment-rental/restroom-trailers/portable-restroom-trailers-in-maine/,staged_noindex,,"noindex,follow",yes
https://www.portable-food-bank.com/equipment-rental/restroom-trailers/portable-restroom-trailers-in-maryland/,www.portable-food-bank.com,/equipment-rental/restroom-trailers/portable-restroom-trailers-in-maryland/,1,10,preserve_exact_200,/equipment-rental/restroom-trailers/portable-restroom-trailers-in-maryland/,staged_noindex,,"noindex,follow",yes
https://www.portable-food-bank.com/equipment-rental/restroom-trailers/portable-restroom-trailers-in-massachusetts/,www.portable-food-bank.com,/equipment-rental/restroom-trailers/portable-restroom-trailers-in-massachusetts/,1,10,preserve_exact_200,/equipment-rental/restroom-trailers/portable-restroom-trailers-in-massachusetts/,staged_noindex,,"noindex,follow",yes
https://www.portable-food-bank.com/equipment-rental/restroom-trailers/portable-restroom-trailers-in-michigan/,www.portable-food-bank.com,/equipment-rental/restroom-trailers/portable-restroom-trailers-in-michigan/,1,10,preserve_exact_200,/equipment-rental/restroom-trailers/portable-restroom-trailers-in-michigan/,staged_noindex,,"noindex,follow",yes
https://www.portable-food-bank.com/equipment-rental/restroom-trailers/portable-restroom-trailers-in-minnesota/,www.portable-food-bank.com,/equipment-rental/restroom-trailers/portable-restroom-trailers-in-minnesota/,1,10,preserve_exact_200,/equipment-rental/restroom-trailers/portable-restroom-trailers-in-minnesota/,staged_noindex,,"noindex,follow",yes
https://www.portable-food-bank.com/equipment-rental/restroom-trailers/portable-restroom-trailers-in-mississippi/,www.portable-food-bank.com,/equipment-rental/restroom-trailers/portable-restroom-trailers-in-mississippi/,1,10,preserve_exact_200,/equipment-rental/restroom-trailers/portable-restroom-trailers-in-mississippi/,staged_noindex,,"noindex,follow",yes
https://www.portable-food-bank.com/equipment-rental/restroom-trailers/portable-restroom-trailers-in-missouri/,www.portable-food-bank.com,/equipment-rental/restroom-trailers/portable-restroom-trailers-in-missouri/,1,10,preserve_exact_200,/equipment-rental/restroom-trailers/portable-restroom-trailers-in-missouri/,staged_noindex,,"noindex,follow",yes
https://www.portable-food-bank.com/equipment-rental/restroom-trailers/portable-restroom-trailers-in-montana/,www.portable-food-bank.com,/equipment-rental/restroom-trailers/portable-restroom-trailers-in-montana/,1,10,preserve_exact_200,/equipment-rental/restroom-trailers/portable-restroom-trailers-in-montana/,staged_noindex,,"noindex,follow",yes
https://www.portable-food-bank.com/equipment-rental/restroom-trailers/portable-restroom-trailers-in-nebraska/,www.portable-food-bank.com,/equipment-rental/restroom-trailers/portable-restroom-trailers-in-nebraska/,1,10,preserve_exact_200,/equipment-rental/restroom-trailers/portable-restroom-trailers-in-nebraska/,staged_noindex,,"noindex,follow",yes
https://www.portable-food-bank.com/equipment-rental/restroom-trailers/portable-restroom-trailers-in-nevada/,www.portable-food-bank.com,/equipment-rental/restroom-trailers/portable-restroom-trailers-in-nevada/,1,10,preserve_exact_200,/equipment-rental/restroom-trailers/portable-restroom-trailers-in-nevada/,staged_noindex,,"noindex,follow",yes
https://www.portable-food-bank.com/equipment-rental/restroom-trailers/portable-restroom-trailers-in-new-hampshire/,www.portable-food-bank.com,/equipment-rental/restroom-trailers/portable-restroom-trailers-in-new-hampshire/,1,10,preserve_exact_200,/equipment-rental/restroom-trailers/portable-restroom-trailers-in-new-hampshire/,staged_noindex,,"noindex,follow",yes
https://www.portable-food-bank.com/equipment-rental/restroom-trailers/portable-restroom-trailers-in-new-jersey/,www.portable-food-bank.com,/equipment-rental/restroom-trailers/portable-restroom-trailers-in-new-jersey/,1,10,preserve_exact_200,/equipment-rental/restroom-trailers/portable-restroom-trailers-in-new-jersey/,staged_noindex,,"noindex,follow",yes
https://www.portable-food-bank.com/equipment-rental/restroom-trailers/portable-restroom-trailers-in-new-mexico/,www.portable-food-bank.com,/equipment-rental/restroom-trailers/portable-restroom-trailers-in-new-mexico/,1,10,preserve_exact_200,/equipment-rental/restroom-trailers/portable-restroom-trailers-in-new-mexico/,staged_noindex,,"noindex,follow",yes
https://www.portable-food-bank.com/equipment-rental/restroom-trailers/portable-restroom-trailers-in-new-york/,www.portable-food-bank.com,/equipment-rental/restroom-trailers/portable-restroom-trailers-in-new-york/,1,10,preserve_exact_200,/equipment-rental/restroom-trailers/portable-restroom-trailers-in-new-york/,staged_noindex,,"noindex,follow",yes
https://www.portable-food-bank.com/equipment-rental/restroom-trailers/portable-restroom-trailers-in-north-carolina/,www.portable-food-bank.com,/equipment-rental/restroom-trailers/portable-restroom-trailers-in-north-carolina/,1,10,preserve_exact_200,/equipment-rental/restroom-trailers/portable-restroom-trailers-in-north-carolina/,staged_noindex,,"noindex,follow",yes
https://www.portable-food-bank.com/equipment-rental/restroom-trailers/portable-restroom-trailers-in-north-dakota/,www.portable-food-bank.com,/equipment-rental/restroom-trailers/portable-restroom-trailers-in-north-dakota/,1,10,preserve_exact_200,/equipment-rental/restroom-trailers/portable-restroom-trailers-in-north-dakota/,staged_noindex,,"noindex,follow",yes
https://www.portable-food-bank.com/equipment-rental/restroom-trailers/portable-restroom-trailers-in-ohio/,www.portable-food-bank.com,/equipment-rental/restroom-trailers/portable-restroom-trailers-in-ohio/,1,10,preserve_exact_200,/equipment-rental/restroom-trailers/portable-restroom-trailers-in-ohio/,staged_noindex,,"noindex,follow",yes
https://www.portable-food-bank.com/equipment-rental/restroom-trailers/portable-restroom-trailers-in-oklahoma/,www.portable-food-bank.com,/equipment-rental/restroom-trailers/portable-restroom-trailers-in-oklahoma/,1,10,preserve_exact_200,/equipment-rental/restroom-trailers/portable-restroom-trailers-in-oklahoma/,staged_noindex,,"noindex,follow",yes
https://www.portable-food-bank.com/equipment-rental/restroom-trailers/portable-restroom-trailers-in-oregon/,www.portable-food-bank.com,/equipment-rental/restroom-trailers/portable-restroom-trailers-in-oregon/,1,10,preserve_exact_200,/equipment-rental/restroom-trailers/portable-restroom-trailers-in-oregon/,staged_noindex,,"noindex,follow",yes
https://www.portable-food-bank.com/equipment-rental/restroom-trailers/portable-restroom-trailers-in-pennsylvania/,www.portable-food-bank.com,/equipment-rental/restroom-trailers/portable-restroom-trailers-in-pennsylvania/,1,10,preserve_exact_200,/equipment-rental/restroom-trailers/portable-restroom-trailers-in-pennsylvania/,staged_noindex,,"noindex,follow",yes
https://www.portable-food-bank.com/equipment-rental/restroom-trailers/portable-restroom-trailers-in-rhode-island/,www.portable-food-bank.com,/equipment-rental/restroom-trailers/portable-restroom-trailers-in-rhode-island/,1,10,preserve_exact_200,/equipment-rental/restroom-trailers/portable-restroom-trailers-in-rhode-island/,staged_noindex,,"noindex,follow",yes
https://www.portable-food-bank.com/equipment-rental/restroom-trailers/portable-restroom-trailers-in-south-carolina/,www.portable-food-bank.com,/equipment-rental/restroom-trailers/portable-restroom-trailers-in-south-carolina/,1,10,preserve_exact_200,/equipment-rental/restroom-trailers/portable-restroom-trailers-in-south-carolina/,staged_noindex,,"noindex,follow",yes
https://www.portable-food-bank.com/equipment-rental/restroom-trailers/portable-restroom-trailers-in-south-dakota/,www.portable-food-bank.com,/equipment-rental/restroom-trailers/portable-restroom-trailers-in-south-dakota/,1,10,preserve_exact_200,/equipment-rental/restroom-trailers/portable-restroom-trailers-in-south-dakota/,staged_noindex,,"noindex,follow",yes
https://www.portable-food-bank.com/equipment-rental/restroom-trailers/portable-restroom-trailers-in-tennessee/,www.portable-food-bank.com,/equipment-rental/restroom-trailers/portable-restroom-trailers-in-tennessee/,1,10,preserve_exact_200,/equipment-rental/restroom-trailers/portable-restroom-trailers-in-tennessee/,staged_noindex,,"noindex,follow",yes
https://www.portable-food-bank.com/equipment-rental/restroom-trailers/portable-restroom-trailers-in-texas/,www.portable-food-bank.com,/equipment-rental/restroom-trailers/portable-restroom-trailers-in-texas/,1,10,preserve_exact_200,/equipment-rental/restroom-trailers/portable-restroom-trailers-in-texas/,staged_noindex,,"noindex,follow",yes
https://www.portable-food-bank.com/equipment-rental/restroom-trailers/portable-restroom-trailers-in-utah/,www.portable-food-bank.com,/equipment-rental/restroom-trailers/portable-restroom-trailers-in-utah/,1,10,preserve_exact_200,/equipment-rental/restroom-trailers/portable-restroom-trailers-in-utah/,staged_noindex,,"noindex,follow",yes
https://www.portable-food-bank.com/equipment-rental/restroom-trailers/portable-restroom-trailers-in-vermont/,www.portable-food-bank.com,/equipment-rental/restroom-trailers/portable-restroom-trailers-in-vermont/,1,10,preserve_exact_200,/equipment-rental/restroom-trailers/portable-restroom-trailers-in-vermont/,staged_noindex,,"noindex,follow",yes
https://www.portable-food-bank.com/equipment-rental/restroom-trailers/portable-restroom-trailers-in-virginia/,www.portable-food-bank.com,/equipment-rental/restroom-trailers/portable-restroom-trailers-in-virginia/,1,10,preserve_exact_200,/equipment-rental/restroom-trailers/portable-restroom-trailers-in-virginia/,staged_noindex,,"noindex,follow",yes
https://www.portable-food-bank.com/equipment-rental/restroom-trailers/portable-restroom-trailers-in-washington/,www.portable-food-bank.com,/equipment-rental/restroom-trailers/portable-restroom-trailers-in-washington/,1,10,preserve_exact_200,/equipment-rental/restroom-trailers/portable-restroom-trailers-in-washington/,staged_noindex,,"noindex,follow",yes
https://www.portable-food-bank.com/equipment-rental/restroom-trailers/portable-restroom-trailers-in-west-virginia/,www.portable-food-bank.com,/equipment-rental/restroom-trailers/portable-restroom-trailers-in-west-virginia/,1,10,preserve_exact_200,/equipment-rental/restroom-trailers/portable-restroom-trailers-in-west-virginia/,staged_noindex,,"noindex,follow",yes
https://www.portable-food-bank.com/equipment-rental/restroom-trailers/portable-restroom-trailers-in-winconsin/,www.portable-food-bank.com,/equipment-rental/restroom-trailers/portable-restroom-trailers-in-winconsin/,1,10,preserve_exact_200,/equipment-rental/restroom-trailers/portable-restroom-trailers-in-winconsin/,staged_noindex,,"noindex,follow",yes
https://www.portable-food-bank.com/equipment-rental/restroom-trailers/portable-restroom-trailers-in-wyoming/,www.portable-food-bank.com,/equipment-rental/restroom-trailers/portable-restroom-trailers-in-wyoming/,1,10,preserve_exact_200,/equipment-rental/restroom-trailers/portable-restroom-trailers-in-wyoming/,staged_noindex,,"noindex,follow",yes
http://portable-food-bank.com/,portable-food-bank.com,/,6,6,preserve_exact_200,/,index,https://portable-food-bank.com/,"index,follow",existing-route
https://portable-food-bank.com/equipment-rental/restroom-trailers/portable-restroom-trailers-in-tennessee/,portable-food-bank.com,/equipment-rental/restroom-trailers/portable-restroom-trailers-in-tennessee/,1,5,preserve_exact_200,/equipment-rental/restroom-trailers/portable-restroom-trailers-in-tennessee/,staged_noindex,,"noindex,follow",yes
https://portable-food-bank.com/houston-texas-mobile-kitchen-rental/,portable-food-bank.com,/houston-texas-mobile-kitchen-rental/,9,5,preserve_exact_200,/houston-texas-mobile-kitchen-rental/,index,https://portable-food-bank.com/houston-texas-mobile-kitchen-rental/,"index,follow",yes
https://portable-food-bank.com/equipment-rental/restroom-trailers/portable-restroom-trailers-in-indiana/,portable-food-bank.com,/equipment-rental/restroom-trailers/portable-restroom-trailers-in-indiana/,1,4,preserve_exact_200,/equipment-rental/restroom-trailers/portable-restroom-trailers-in-indiana/,staged_noindex,,"noindex,follow",yes
https://portable-food-bank.com/equipment-rental/restroom-trailers/portable-restroom-trailers-in-louisiana/,portable-food-bank.com,/equipment-rental/restroom-trailers/portable-restroom-trailers-in-louisiana/,1,4,preserve_exact_200,/equipment-rental/restroom-trailers/portable-restroom-trailers-in-louisiana/,staged_noindex,,"noindex,follow",yes
https://portable-food-bank.com/equipment-rental/restroom-trailers/portable-restroom-trailers-in-california/,portable-food-bank.com,/equipment-rental/restroom-trailers/portable-restroom-trailers-in-california/,6,3,preserve_exact_200,/equipment-rental/restroom-trailers/portable-restroom-trailers-in-california/,index,https://portable-food-bank.com/equipment-rental/restroom-trailers/portable-restroom-trailers-in-california/,"index,follow",yes
https://portable-food-bank.com/equipment-rental/restroom-trailers/portable-restroom-trailers-in-north-dakota/,portable-food-bank.com,/equipment-rental/restroom-trailers/portable-restroom-trailers-in-north-dakota/,1,3,preserve_exact_200,/equipment-rental/restroom-trailers/portable-restroom-trailers-in-north-dakota/,staged_noindex,,"noindex,follow",yes
https://www.portable-food-bank.com/houston-texas-mobile-kitchen-rental/,www.portable-food-bank.com,/houston-texas-mobile-kitchen-rental/,8,3,preserve_exact_200,/houston-texas-mobile-kitchen-rental/,index,https://portable-food-bank.com/houston-texas-mobile-kitchen-rental/,"index,follow",yes
https://portable-food-bank.com/equipment-rental/restroom-trailers/portable-restroom-trailers-in-alberta-ca/,portable-food-bank.com,/equipment-rental/restroom-trailers/portable-restroom-trailers-in-alberta-ca/,1,2,preserve_exact_200,/equipment-rental/restroom-trailers/portable-restroom-trailers-in-alberta-ca/,staged_noindex,,"noindex,follow",yes
https://portable-food-bank.com/equipment-rental/restroom-trailers/portable-restroom-trailers-in-arkansas/,portable-food-bank.com,/equipment-rental/restroom-trailers/portable-restroom-trailers-in-arkansas/,1,2,preserve_exact_200,/equipment-rental/restroom-trailers/portable-restroom-trailers-in-arkansas/,staged_noindex,,"noindex,follow",yes
https://portable-food-bank.com/equipment-rental/restroom-trailers/portable-restroom-trailers-in-delaware/,portable-food-bank.com,/equipment-rental/restroom-trailers/portable-restroom-trailers-in-delaware/,1,2,preserve_exact_200,/equipment-rental/restroom-trailers/portable-restroom-trailers-in-delaware/,staged_noindex,,"noindex,follow",yes
https://portable-food-bank.com/equipment-rental/restroom-trailers/portable-restroom-trailers-in-maryland/,portable-food-bank.com,/equipment-rental/restroom-trailers/portable-restroom-trailers-in-maryland/,1,2,preserve_exact_200,/equipment-rental/restroom-trailers/portable-restroom-trailers-in-maryland/,staged_noindex,,"noindex,follow",yes
https://portable-food-bank.com/equipment-rental/restroom-trailers/portable-restroom-trailers-in-massachusetts/,portable-food-bank.com,/equipment-rental/restroom-trailers/portable-restroom-trailers-in-massachusetts/,1,2,preserve_exact_200,/equipment-rental/restroom-trailers/portable-restroom-trailers-in-massachusetts/,staged_noindex,,"noindex,follow",yes
https://portable-food-bank.com/equipment-rental/restroom-trailers/portable-restroom-trailers-in-michigan/,portable-food-bank.com,/equipment-rental/restroom-trailers/portable-restroom-trailers-in-michigan/,1,2,preserve_exact_200,/equipment-rental/restroom-trailers/portable-restroom-trailers-in-michigan/,staged_noindex,,"noindex,follow",yes
https://portable-food-bank.com/equipment-rental/restroom-trailers/portable-restroom-trailers-in-mississippi/,portable-food-bank.com,/equipment-rental/restroom-trailers/portable-restroom-trailers-in-mississippi/,1,2,preserve_exact_200,/equipment-rental/restroom-trailers/portable-restroom-trailers-in-mississippi/,staged_noindex,,"noindex,follow",yes
https://portable-food-bank.com/equipment-rental/restroom-trailers/portable-restroom-trailers-in-nevada/,portable-food-bank.com,/equipment-rental/restroom-trailers/portable-restroom-trailers-in-nevada/,1,2,preserve_exact_200,/equipment-rental/restroom-trailers/portable-restroom-trailers-in-nevada/,staged_noindex,,"noindex,follow",yes
https://portable-food-bank.com/equipment-rental/restroom-trailers/portable-restroom-trailers-in-new-hampshire/,portable-food-bank.com,/equipment-rental/restroom-trailers/portable-restroom-trailers-in-new-hampshire/,1,2,preserve_exact_200,/equipment-rental/restroom-trailers/portable-restroom-trailers-in-new-hampshire/,staged_noindex,,"noindex,follow",yes
https://portable-food-bank.com/equipment-rental/restroom-trailers/portable-restroom-trailers-in-new-jersey/,portable-food-bank.com,/equipment-rental/restroom-trailers/portable-restroom-trailers-in-new-jersey/,1,2,preserve_exact_200,/equipment-rental/restroom-trailers/portable-restroom-trailers-in-new-jersey/,staged_noindex,,"noindex,follow",yes
https://portable-food-bank.com/equipment-rental/restroom-trailers/portable-restroom-trailers-in-oklahoma/,portable-food-bank.com,/equipment-rental/restroom-trailers/portable-restroom-trailers-in-oklahoma/,1,2,preserve_exact_200,/equipment-rental/restroom-trailers/portable-restroom-trailers-in-oklahoma/,staged_noindex,,"noindex,follow",yes
https://portable-food-bank.com/equipment-rental/restroom-trailers/portable-restroom-trailers-in-oregon/,portable-food-bank.com,/equipment-rental/restroom-trailers/portable-restroom-trailers-in-oregon/,1,2,preserve_exact_200,/equipment-rental/restroom-trailers/portable-restroom-trailers-in-oregon/,staged_noindex,,"noindex,follow",yes
https://portable-food-bank.com/equipment-rental/restroom-trailers/portable-restroom-trailers-in-washington/,portable-food-bank.com,/equipment-rental/restroom-trailers/portable-restroom-trailers-in-washington/,1,2,preserve_exact_200,/equipment-rental/restroom-trailers/portable-restroom-trailers-in-washington/,staged_noindex,,"noindex,follow",yes
https://portable-food-bank.com/equipment-rental/restroom-trailers/portable-restroom-trailers-in-west-virginia/,portable-food-bank.com,/equipment-rental/restroom-trailers/portable-restroom-trailers-in-west-virginia/,1,2,preserve_exact_200,/equipment-rental/restroom-trailers/portable-restroom-trailers-in-west-virginia/,staged_noindex,,"noindex,follow",yes
https://portable-food-bank.com/equipment-rental/restroom-trailers/portable-restroom-trailers-in-wyoming/,portable-food-bank.com,/equipment-rental/restroom-trailers/portable-restroom-trailers-in-wyoming/,1,2,preserve_exact_200,/equipment-rental/restroom-trailers/portable-restroom-trailers-in-wyoming/,staged_noindex,,"noindex,follow",yes
https://portable-food-bank.com/containerized-shower-trailers/,portable-food-bank.com,/containerized-shower-trailers/,1,1,preserve_exact_200,/containerized-shower-trailers/,staged_noindex,,"noindex,follow",yes
https://portable-food-bank.com/emergency-container-modular-remote-executive-hotel-suites/,portable-food-bank.com,/emergency-container-modular-remote-executive-hotel-suites/,1,1,preserve_exact_200,/emergency-container-modular-remote-executive-hotel-suites/,staged_noindex,,"noindex,follow",yes
https://portable-food-bank.com/emergency-migrant-containerized-living-spaces/,portable-food-bank.com,/emergency-migrant-containerized-living-spaces/,1,1,preserve_exact_200,/emergency-migrant-containerized-living-spaces/,staged_noindex,,"noindex,follow",yes
https://portable-food-bank.com/emergency-modular-shelters-contained-for-rental/,portable-food-bank.com,/emergency-modular-shelters-contained-for-rental/,1,1,preserve_exact_200,/emergency-modular-shelters-contained-for-rental/,staged_noindex,,"noindex,follow",yes
https://portable-food-bank.com/equipment-rental/restroom-trailers/portable-restroom-trailers-in-district-of-columbia/,portable-food-bank.com,/equipment-rental/restroom-trailers/portable-restroom-trailers-in-district-of-columbia/,1,1,preserve_exact_200,/equipment-rental/restroom-trailers/portable-restroom-trailers-in-district-of-columbia/,staged_noindex,,"noindex,follow",yes
https://portable-food-bank.com/government/correctional-facilities/,portable-food-bank.com,/government/correctional-facilities/,1,1,preserve_exact_200,/government/correctional-facilities/,staged_noindex,,"noindex,follow",existing-route
https://portable-food-bank.com/mobile-kitchen-trailer-rental/,portable-food-bank.com,/mobile-kitchen-trailer-rental/,1,1,preserve_exact_200,/mobile-kitchen-trailer-rental/,staged_noindex,,"noindex,follow",existing-route
https://portable-food-bank.com/portable-dishwashing-trailer-rental/,portable-food-bank.com,/portable-dishwashing-trailer-rental/,1,1,preserve_exact_200,/portable-dishwashing-trailer-rental/,staged_noindex,,"noindex,follow",existing-route
https://portable-food-bank.com/remote-containerized-military-berthing-solution-for-rent/,portable-food-bank.com,/remote-containerized-military-berthing-solution-for-rent/,1,1,preserve_exact_200,/remote-containerized-military-berthing-solution-for-rent/,staged_noindex,,"noindex,follow",existing-route
https://portable-food-bank.com/restroom-trailer-rental/,portable-food-bank.com,/restroom-trailer-rental/,1,1,preserve_exact_200,/restroom-trailer-rental/,staged_noindex,,"noindex,follow",existing-route
https://portable-food-bank.com/shower-trailer-rental/,portable-food-bank.com,/shower-trailer-rental/,1,1,preserve_exact_200,/shower-trailer-rental/,staged_noindex,,"noindex,follow",existing-route
https://portable-food-bank.com/sleeper-trailer-rental/,portable-food-bank.com,/sleeper-trailer-rental/,1,1,preserve_exact_200,/sleeper-trailer-rental/,staged_noindex,,"noindex,follow",existing-route
https://www.portable-food-bank.com/containerized-shower-trailers/,www.portable-food-bank.com,/containerized-shower-trailers/,1,1,preserve_exact_200,/containerized-shower-trailers/,staged_noindex,,"noindex,follow",yes
https://www.portable-food-bank.com/emergency-container-modular-remote-executive-hotel-suites/,www.portable-food-bank.com,/emergency-container-modular-remote-executive-hotel-suites/,1,1,preserve_exact_200,/emergency-container-modular-remote-executive-hotel-suites/,staged_noindex,,"noindex,follow",yes
https://www.portable-food-bank.com/emergency-migrant-containerized-living-spaces/,www.portable-food-bank.com,/emergency-migrant-containerized-living-spaces/,1,1,preserve_exact_200,/emergency-migrant-containerized-living-spaces/,staged_noindex,,"noindex,follow",yes
https://www.portable-food-bank.com/emergency-modular-shelters-contained-for-rental/,www.portable-food-bank.com,/emergency-modular-shelters-contained-for-rental/,1,1,preserve_exact_200,/emergency-modular-shelters-contained-for-rental/,staged_noindex,,"noindex,follow",yes
https://www.portable-food-bank.com/equipment-rental/shower-trailer/portable-shower-trailers-in-new-jersey-usa/,www.portable-food-bank.com,/equipment-rental/shower-trailer/portable-shower-trailers-in-new-jersey-usa/,2,1,preserve_exact_200,/equipment-rental/shower-trailer/portable-shower-trailers-in-new-jersey-usa/,index,https://portable-food-bank.com/equipment-rental/shower-trailer/portable-shower-trailers-in-new-jersey-usa/,"index,follow",yes
https://www.portable-food-bank.com/government/correctional-facilities/,www.portable-food-bank.com,/government/correctional-facilities/,1,1,preserve_exact_200,/government/correctional-facilities/,staged_noindex,,"noindex,follow",existing-route
https://www.portable-food-bank.com/greensboro-north-carolina-usa-temporary-restroom-building-rental/,www.portable-food-bank.com,/greensboro-north-carolina-usa-temporary-restroom-building-rental/,1,1,preserve_exact_200,/greensboro-north-carolina-usa-temporary-restroom-building-rental/,staged_noindex,,"noindex,follow",yes
https://www.portable-food-bank.com/modular-temporary-camp-facilities/,www.portable-food-bank.com,/modular-temporary-camp-facilities/,1,1,preserve_exact_200,/modular-temporary-camp-facilities/,staged_noindex,,"noindex,follow",yes
https://www.portable-food-bank.com/modular-temporary-workforce-housing-facilities/,www.portable-food-bank.com,/modular-temporary-workforce-housing-facilities/,1,1,preserve_exact_200,/modular-temporary-workforce-housing-facilities/,staged_noindex,,"noindex,follow",yes
https://www.portable-food-bank.com/remote-basecamp-housing-service-company/,www.portable-food-bank.com,/remote-basecamp-housing-service-company/,1,1,preserve_exact_200,/remote-basecamp-housing-service-company/,staged_noindex,,"noindex,follow",yes
https://www.portable-food-bank.com/remote-containerized-military-berthing-solution/,www.portable-food-bank.com,/remote-containerized-military-berthing-solution/,1,1,preserve_exact_200,/remote-containerized-military-berthing-solution/,staged_noindex,,"noindex,follow",yes
https://www.portable-food-bank.com/remote-housing-facilities/,www.portable-food-bank.com,/remote-housing-facilities/,1,1,preserve_exact_200,/remote-housing-facilities/,staged_noindex,,"noindex,follow",yes
https://www.portable-food-bank.com/remote-temporary-workforce-housing-facilities-rental/,www.portable-food-bank.com,/remote-temporary-workforce-housing-facilities-rental/,1,1,preserve_exact_200,/remote-temporary-workforce-housing-facilities-rental/,staged_noindex,,"noindex,follow",yes
https://www.portable-food-bank.com/remote-workforce-housing-facilities/,www.portable-food-bank.com,/remote-workforce-housing-facilities/,1,1,preserve_exact_200,/remote-workforce-housing-facilities/,staged_noindex,,"noindex,follow",yes
https://www.portable-food-bank.com/remote-workforce-housing-in-alabama/,www.portable-food-bank.com,/remote-workforce-housing-in-alabama/,1,1,preserve_exact_200,/remote-workforce-housing-in-alabama/,staged_noindex,,"noindex,follow",yes
https://www.portable-food-bank.com/wp-content/uploads/2023/04/2-Food-Service-Design.png,www.portable-food-bank.com,/wp-content/uploads/2023/04/2-Food-Service-Design.png,1,1,redirect_asset,/food-services-2/,redirect,,,n/a
https://portable-food-bank.com/shop/,portable-food-bank.com,/shop/,1,0,preserve_exact_200,/shop/,staged_noindex,,"noindex,follow",yes
https://www.portable-food-bank.com/catering/,www.portable-food-bank.com,/catering/,1,0,preserve_exact_200,/catering/,staged_noindex,,"noindex,follow",yes
